Id,y_log,pred_log,resid_log,fold
1,12.24769911637256,12.238885473483018,0.00881364288954245,1
2,12.109016442313738,12.11737721452365,-0.008360772209911715,0
3,12.317171167298682,12.29656688771149,0.020604279587191243,0
4,11.849404844423074,12.111542041550164,-0.2621371971270907,2
5,12.429220196836383,12.594529292958716,-0.1653090961223338,3
6,11.870606902224587,11.962463616602411,-0.09185671437782439,1
7,12.634606283893019,12.50457603502278,0.13003024887023962,0
8,12.206077645517674,12.325328032883554,-0.11925038736588078,1
9,11.774527900858468,11.736948584088315,0.03757931677015236,3
10,11.678448377988165,11.758453541225883,-0.08000516323771834,4
11,11.771443882099637,11.744126552982726,0.027317329116911537,3
12,12.75130259456002,12.888036753579385,-0.13673415901936536,0
13,11.87757552297847,11.7502055453348,0.12736997764366897,1
14,12.540761149388421,12.280560583985176,0.2602005654032453,3
15,11.964007453736912,11.957779597907493,0.006227855829418871,0
16,11.790564777297387,11.732600626173465,0.05796415112392239,2
17,11.91170829631447,11.90793131560503,0.0037769807094409913,4
18,11.407576060361786,11.590376232023411,-0.18280017166162565,4
19,11.976665770490767,11.935517193237077,0.04114857725368992,2
20,11.842236406331555,11.692098471705977,0.15013793462557778,1
21,12.692506186542177,12.706891500114876,-0.014385313572699232,2
22,11.845109950883979,11.755999353014802,0.08911059786917619,0
23,12.345838935721968,12.31536584428402,0.03047309143794763,1
24,11.774527900858468,11.806341364271969,-0.031813463413501,3
25,11.944714374881176,11.92646855372191,0.01824582115926532,0
26,12.454107814022272,12.410838871884506,0.04326894213776633,4
27,11.811554895830454,11.821997987208052,-0.010443091377597469,2
28,12.631343648903034,12.593939485614305,0.03740416328872875,2
29,12.242891437918386,12.142931274617474,0.09996016330091173,1
30,11.134603622683905,11.147881492108246,-0.013277869424340949,1
31,10.596659732783579,11.371282624073327,-0.7746228912897486,2
32,11.914054519303125,11.848538721164907,0.06551579813821817,4
33,12.100161978566867,12.141466820807258,-0.04130484224039144,0
34,12.016732516077072,12.026712182515851,-0.009979666438779233,1
35,12.533579815765737,12.58132308281762,-0.047743267051883365,3
36,12.6410997921206,12.608151403540724,0.03294838857987692,2
37,11.884495917930655,11.889060329168574,-0.00456441123791862,0
38,11.938199736300925,11.973413637566487,-0.03521390126556234,2
39,11.599112335481124,11.819721005323498,-0.22060866984237393,2
40,11.314486721293981,11.293015295318742,0.0214714259752391,3
41,11.982935344196433,11.864245571342002,0.11868977285443094,3
42,12.04355959836804,12.087622534327615,-0.044062935959575,3
43,11.87757552297847,11.89605513194811,-0.018479608969640182,2
44,11.777218637129327,11.796476219607282,-0.019257582477955282,0
45,11.856522261533737,11.846314296900776,0.010207964632961364,2
46,12.675766851909591,12.556139651638922,0.11962720027066887,1
47,12.387089184491993,12.458393290837204,-0.07130410634521134,1
48,12.428019481065613,12.432300536222735,-0.004281055157122182,4
49,11.635151947212842,11.474214285447616,0.16093766176522628,4
50,11.751950239425476,11.742797684551006,0.009152554874470198,0
51,12.083910661257521,12.067530865381924,0.016379795875597125,1
52,11.648338835562747,11.632036328277216,0.01630250728553051,0
53,11.608244735642321,11.542078644012395,0.06616609162992582,4
54,12.861001210669146,12.857905179470853,0.0030960311982930477,4
55,11.775297421715827,11.700203474440219,0.07509394727560803,0
56,12.103491596905931,11.973782464476471,0.12970913242945947,3
57,12.058158312538197,12.256769072032528,-0.19861075949433094,4
58,12.188422799337028,12.163878667834235,0.02454413150279322,3
59,12.991755706536901,13.018617293238048,-0.026861586701146578,2
60,11.735276702486741,11.699542391465911,0.035734311020830134,2
61,11.970356641102999,12.016354760762932,-0.04599811965993261,1
62,11.522885696764481,11.486239437093563,0.036646259670918724,1
63,12.218500103788143,12.239864432478443,-0.021364328690300027,1
64,11.849404844423074,11.867333378257548,-0.01792853383447479,4
65,12.299112067295642,12.352920184134907,-0.05380811683926545,1
66,12.666660207428574,12.588554078860623,0.07810612856795096,3
67,12.100717685412471,12.473435213203656,-0.3727175277911847,1
68,12.328294703023394,12.251678472186212,0.07661623083718183,1
69,11.289794413577894,11.236740361352044,0.0530540522258498,2
70,12.323860125621126,12.300815723349901,0.02304440227122484,0
71,12.404927602627597,12.565529138774906,-0.16060153614730943,4
72,11.771443882099637,11.730074454677808,0.04136942742182903,4
73,12.128116509451258,12.171892796982165,-0.0437762875309069,4
74,11.88380602959621,11.874495834529267,0.009310195066943194,0
75,11.58432477200052,11.571925969852497,0.012398802148021915,3
76,11.418625774449596,11.438375971644513,-0.019750197194916552,1
77,11.818577604251555,11.692155637560086,0.12642196669146877,0
78,11.751950239425476,11.643883469694469,0.10806676973100693,0
79,11.824087219587643,11.742149388017882,0.08193783156976053,0
80,11.608244735642321,11.582862029450832,0.025382706191489746,2
81,12.173037959397275,12.199769651713476,-0.02673169231620065,4
82,11.941462360646149,12.036636366397248,-0.09517400575109924,1
83,12.409017571151187,12.347889739097424,0.0611278320537636,0
84,11.748005492256807,11.718876478792868,0.02912901346393859,2
85,12.034696963475044,12.021614038974628,0.013082924500416482,0
86,12.468440756144114,12.502274970699144,-0.03383421455503033,1
87,12.066816325306588,12.062524070219535,0.0042922550870532206,4
88,12.010671928196443,12.041427508171777,-0.030755579975334513,3
89,11.350418300109132,10.937033268427363,0.4133850316817682,1
90,11.724813914587886,11.72684924270298,-0.0020353281150935487,0
91,11.60733523953139,11.474844003426433,0.13249123610495595,1
92,11.498836682527127,11.608451879903603,-0.10961519737647585,0
93,12.004574385508691,11.88472157506557,0.11985281044312224,3
94,11.804855999911272,12.068337329715954,-0.26348132980468186,3
95,12.229549885708273,12.23827806680507,-0.00872818109679585,3
96,12.128116509451258,12.133939434322045,-0.0058229248707863945,1
97,12.273735966890268,12.309611462331087,-0.035875495440819805,0
98,11.459007676978688,11.689934122776773,-0.23092644579808486,2
99,11.326607934898927,11.214424422870408,0.11218351202851906,0
100,11.767187766223199,11.699876718020873,0.06731104820232581,2
101,12.230770136157428,12.249134322461176,-0.018364186303747587,0
102,12.08954444723597,12.05690029690569,0.03264415033027923,3
103,11.68658461118553,11.684144449801643,0.0024401613838875846,0
104,12.200562492481511,12.157286061653716,0.04327643082779531,2
105,12.040614105490253,11.90496451720998,0.1356495882802733,2
106,12.429220196836383,12.406295196987953,0.02292499984842955,1
107,11.51293546492023,11.40189816211468,0.11103730280554913,1
108,11.652696102959753,11.438919714688174,0.21377638827157952,2
109,11.652696102959753,11.676201912427294,-0.023505809467540217,0
110,12.154784614286667,12.265905616605455,-0.11112100231878763,0
111,11.827013315851762,11.905342879621164,-0.07832956376940281,2
112,12.100717685412471,12.02124948760058,0.07946819781189163,1
113,12.85832230788469,12.820411477715979,0.037910830168710774,1
114,12.28765724080691,12.381065538622959,-0.09340829781604931,1
115,12.466515835145202,12.344147460203708,0.12236837494149455,3
116,12.07824495582233,12.03810182764441,0.04014312817792032,0
117,11.842236406331555,11.798592311687191,0.04364409464436392,2
118,11.951186847493476,11.834136301870561,0.11705054562291473,4
119,12.676079399771027,12.713187422008298,-0.0371080222372715,1
120,12.0075668272517,12.033049661809333,-0.025482834557632117,4
121,12.100717685412471,12.018026650051782,0.08269103536068911,2
122,11.51293546492023,11.419486862235416,0.0934486026848127,1
123,11.820417517632333,11.82634473233452,-0.005927214702188266,1
124,11.944064817531656,11.984868052693573,-0.04080323516191697,2
125,12.10625783509458,12.041552054277593,0.06470578081698619,0
126,11.344518647594766,11.375974378381219,-0.03145573078645292,4
127,11.759793355371237,11.82431022349223,-0.06451686812099311,2
128,11.373674891823535,11.353742402899435,0.019932488924100156,4
129,11.951186847493476,11.876145133136092,0.07504171435738449,0
130,11.918397239722838,11.887092238019365,0.03130500170347261,1
131,12.328294703023394,12.32198240703193,0.006312295991463657,4
132,12.404927602627597,12.258969037598186,0.14595856502941018,4
133,11.923384748066601,11.890377549422958,0.03300719864364332,3
134,12.301387370778713,12.236620142014255,0.06476722876445784,4
135,12.100717685412471,12.101705308972527,-0.0009876235600554395,0
136,12.066816325306588,12.078543464746746,-0.011727139440157686,0
137,11.870606902224587,11.87338370911315,-0.002776806888563854,0
138,12.049424683420915,12.161032769425267,-0.11160808600435246,4
139,12.345838935721968,12.421821325529208,-0.07598238980724048,4
140,12.352339472153524,12.234309222273938,0.11803024987958644,4
141,11.652696102959753,11.515892827298917,0.13680327566083683,4
142,12.468440756144114,12.409528821089173,0.0589119350549403,3
143,12.019749091416921,11.676540913576012,0.34320817784090885,0
144,12.225880174775122,12.27227283572644,-0.046392660951317666,2
145,11.736077016252437,11.791941398930563,-0.055864382678125324,2
146,11.775297421715827,11.74916556105128,0.02613186066454709,1
147,11.561725152903833,11.637713968433967,-0.0759888155301347,0
148,12.312686874960354,12.246073006695305,0.06661386826504945,4
149,11.856522261533737,11.88328234611238,-0.026760084578643983,3
150,11.652696102959753,11.585645532877846,0.06705057008190707,4
151,11.711784520403112,11.824428411655228,-0.11264389125211594,3
152,12.827731880206521,12.711566425641255,0.11616545456526595,4
153,12.154784614286667,12.100098044452038,0.054686569834629495,0
154,12.367345048436391,12.238914735085446,0.128430313350945,0
155,11.736077016252437,11.595972939009119,0.14010407724331841,4
156,11.277215789596893,11.253576708416816,0.02363908118007707,0
157,11.603688960617083,11.572610923341788,0.03107803727529479,2
158,12.504327379899443,12.439777681143141,0.06454969875630212,1
159,12.448630513463613,12.357149617055615,0.09148089640799739,1
160,12.676079399771027,12.619289206058633,0.05679019371239313,0
161,11.998439434579149,12.000361056971494,-0.001921622392345057,0
162,12.929993908996359,12.976137788868238,-0.04614387987187918,2
163,12.301387370778713,12.404736206401518,-0.10334883562280517,3
164,11.544433821905134,11.456818240840693,0.08761558106444056,1
165,11.931642378754141,11.885587110908716,0.04605526784542491,3
166,11.755879486687116,11.732402300752497,0.02347718593461856,4
167,12.154784614286667,12.179486547073259,-0.024701932786591385,3
168,12.693501691489768,12.779881800389006,-0.0863801088992382,3
169,12.119975396053194,12.192134065468208,-0.07215866941501403,3
170,12.337105293891872,12.394444355608524,-0.05733906171665204,1
171,11.763691965388299,11.610542442449542,0.15314952293875628,0
172,12.278397958261774,12.135833688809774,0.1425642694520004,3
173,12.384223015005313,12.23909891639626,0.1451240986090525,0
174,12.001511614739405,11.939818503591392,0.06169311114801346,1
175,12.122696471358964,12.238138694050516,-0.11544222269155213,2
176,12.400820837540556,12.251895529482084,0.14892530805847137,2
177,12.259618151783465,12.268172566549127,-0.008554414765661988,2
178,12.058158312538197,12.042639900445739,0.015518412092458078,1
179,13.126032637428713,12.954924688745281,0.1711079486834315,0
180,11.51293546492023,11.64457352380967,-0.13163805888944147,3
181,12.083910661257521,12.088918266177256,-0.005007604919734732,2
182,12.206577518060588,12.062611667979175,0.14396585008141294,4
183,11.695255355062795,11.679188884415343,0.016066470647452036,2
184,12.206077645517674,12.199201890373272,0.006875755144401197,1
185,11.751950239425476,11.681995932215125,0.06995430721035056,2
186,13.07107218827772,12.77283202144616,0.29824016683155996,4
187,12.06105265381003,12.031742266451484,0.029310387358545853,0
188,11.813037464800539,11.783717558341761,0.029319906458777467,2
189,11.940399914116648,11.874876417275356,0.06552349684129233,3
190,12.563750586299374,12.51471130215248,0.04903928414689496,3
191,12.660331092405906,12.513714156157777,0.14661693624812955,0
192,12.122696471358964,12.124818114481512,-0.0021216431225479226,2
193,12.165255859329688,12.206254181350111,-0.04099832202042286,2
194,11.775297421715827,11.816611763331972,-0.041314341616145,3
195,11.751950239425476,11.71536620824868,0.03658403117679576,2
196,11.908346971208951,11.892688738787143,0.015658232421808194,4
197,12.650351332641707,12.614544414147158,0.03580691849454887,3
198,12.367345048436391,12.45998075337882,-0.09263570494242934,4
199,11.552155793461898,11.627690259029649,-0.07553446556775079,1
200,12.524166311833152,12.660371583616687,-0.1362052717835347,2
201,11.849404844423074,11.776978495941279,0.07242634848179463,4
202,12.052344376474922,12.017007448066986,0.03533692840793634,4
203,11.626263078808801,11.61189875425984,0.014364324548960639,1
204,11.91170829631447,11.88298933003134,0.02871896628313131,1
205,11.608244735642321,11.608779788368194,-0.0005350527258727311,0
206,12.103491596905931,12.089149420699078,0.014342176206852741,3
207,11.87688084212164,11.803215528530455,0.07366531359118511,0
208,11.856522261533737,11.823099370702835,0.03342289083090222,0
209,12.531776395271262,12.4663731867693,0.06540320850196224,1
210,11.884495917930655,11.937182133948518,-0.05268621601786272,2
211,11.49273296168228,11.369346690848706,0.12338627083357423,4
212,12.133507329024972,12.006185243703257,0.1273220853217154,0
213,12.439875187430008,12.451369608051207,-0.011494420621199097,1
214,11.957617696467539,11.867934804407408,0.08968289206013047,0
215,11.993813394724253,11.937223166786312,0.05659022793794044,3
216,11.808955099378537,11.857045221178124,-0.04809012179958749,3
217,12.25486757159303,12.199057655855885,0.05580991573714478,3
218,11.580593459194764,11.350236294416616,0.23035716477814816,4
219,12.649157827477366,12.411815390619962,0.23734243685740353,0
220,12.027191164883384,12.071703963300623,-0.0445127984172391,4
221,12.230282214644559,12.243195914432707,-0.012913699788148492,3
222,12.206077645517674,12.275507152404574,-0.06942950688689997,2
223,12.100161978566867,12.060516981662136,0.039644996904730334,4
224,11.48247656671073,11.679081541922946,-0.19660497521221565,4
225,12.864242696187505,13.032835773908655,-0.16859307772114995,2
226,11.626263078808801,11.491636873284149,0.13462620552465232,1
227,12.577639650232573,12.483474393509564,0.09416525672300935,3
228,11.571203807011969,11.505867233754117,0.06533657325785214,0
229,11.736077016252437,11.64478049504835,0.09129652120408771,1
230,12.167856627501678,12.155967328586815,0.011889298914862678,4
231,11.904974309480183,11.852758957323962,0.05221535215622097,0
232,12.90669432231532,12.7991548998469,0.10753942246841852,0
233,11.456365695436427,11.463559017683087,-0.007193322246660472,0
234,11.761354623750297,11.784751343467708,-0.023396719717410974,2
235,12.285350445351659,12.273962737008302,0.01138770834335645,0
236,11.402005077384885,11.394613985804343,0.007391091580542408,2
237,12.130815551850676,12.150688397988976,-0.019872846138300204,0
238,12.178192583415596,12.293814421583201,-0.11562183816760552,1
239,12.669809806411457,12.487345360440232,0.18246444597122569,1
240,11.635151947212842,11.754954637319052,-0.11980269010621036,4
241,12.47801017053037,12.480664168411666,-0.0026539978812962772,0
242,11.612779849672751,11.551701350983672,0.06107849868907955,1
243,11.277215789596893,11.384181263948767,-0.10696547435187398,4
244,11.695255355062795,11.804113629551136,-0.10885827448834107,1
245,12.230770136157428,12.37137534140275,-0.14060520524532194,2
246,12.394628892852941,12.331083643294864,0.06354524955807683,4
247,11.827743504053695,11.763514480491322,0.06422902356237259,1
248,11.849404844423074,11.8424370156251,0.006967828797973752,1
249,12.100717685412471,12.15089111610516,-0.050173430692689536,0
250,12.531776395271262,12.599312855132546,-0.06753645986128376,1
251,11.245059091624615,11.37029299796985,-0.125233906345235,2
252,12.367345048436391,12.545879209355185,-0.17853416091879382,3
253,12.06105265381003,12.076944649484307,-0.015891995674277126,2
254,11.970356641102999,11.969455245318493,0.0009013957845063203,0
255,11.884495917930655,11.912526677157427,-0.02803075922677145,3
256,12.345838935721968,12.347512207995003,-0.0016732722730345984,4
257,12.242891437918386,12.232789604306221,0.010101833612164768,2
258,12.301387370778713,12.351783034421373,-0.05039566364266079,0
259,12.352339472153524,12.317719805467977,0.034619666685546946,2
260,11.48247656671073,11.48832681840797,-0.005850251697239628,1
261,12.07824495582233,12.020773934245572,0.057471021576757764,3
262,12.52815976788113,12.732534749103229,-0.20437498122209874,1
263,11.92504173829169,11.914128065129896,0.010913673161793369,2
264,11.775297421715827,11.683229688390592,0.09206773332523532,4
265,11.19822841866684,11.402959875899144,-0.20473145723230424,2
266,12.075400019877522,12.139009131390667,-0.06360911151314497,3
267,12.128116509451258,12.118831640548315,0.009284868902943444,4
268,12.097936057925594,12.043857104400091,0.05407895352550263,3
269,11.699413330633599,11.66055237731984,0.03886095331375827,3
270,11.904974309480183,11.96156319930714,-0.056588889826956645,3
271,12.491255347155265,12.469695527304436,0.021559819850828887,1
272,12.394628892852941,12.276595532354918,0.11803336049802304,1
273,12.577639650232573,12.569747935978562,0.007891714254011362,1
274,11.842236406331555,12.04594739334201,-0.20371098701045476,4
275,11.732069026983156,11.735397499822522,-0.0033284728393656593,0
276,12.230770136157428,12.127127508418797,0.10364262773863153,0
277,12.211065162153215,12.193233006206057,0.017832155947157702,2
278,11.856522261533737,11.593471707623536,0.26305055391020105,4
279,12.936754021718041,12.939718949903757,-0.0029649281857153653,2
280,12.165255859329688,12.262919912213665,-0.09766405288397628,3
281,12.339295865674435,12.310636962639862,0.028658903034573413,0
282,12.128116509451258,12.164814191738301,-0.036697682287043065,1
283,12.242891437918386,12.309767507024413,-0.06687606910602639,1
284,12.407383590534293,12.39929090262557,0.008092687908723306,1
285,12.09626335986454,12.131538171178299,-0.03527481131375865,2
286,12.011886987792716,11.98469454702711,0.027192440765606563,1
287,11.976665770490767,12.083834781469049,-0.10716901097828213,1
288,11.385103457032141,11.466489811463042,-0.08138635443090081,1
289,11.711784520403112,11.609390545484956,0.10239397491815616,4
290,11.941950837487406,11.818225615311055,0.12372522217635051,2
291,12.359784657728284,12.41579659581187,-0.05601193808358573,0
292,11.819681958463892,11.777727435972453,0.04195452249143905,4
293,11.782960235741939,11.810683144131252,-0.027722908389312906,4
294,12.367345048436391,12.350682632323261,0.016662416113129908,2
295,12.025755079404917,12.067141870572813,-0.041386791167896675,2
296,11.86710429621008,11.860743892222827,0.006360403987253349,3
297,11.931642378754141,11.78575728846741,0.1458850902867308,1
298,12.384223015005313,12.345246122419537,0.03897689258577586,2
299,12.07254696717504,12.0585626517577,0.013984315417339133,2
300,11.973516181427835,12.022406769153521,-0.048890587725686885,3
301,11.964007453736912,11.94912881575701,0.014878637979901299,4
302,12.495007682693725,12.480031167645908,0.014976515047816719,1
303,12.230770136157428,12.32627050842498,-0.09550037226755137,2
304,11.917730355182513,11.778434751091076,0.13929560409143704,2
305,12.59473402514672,12.591189110770705,0.003544914376014674,0
306,12.631016799175821,12.57748022497357,0.05353657420225133,1
307,12.323860125621126,12.390553646473338,-0.06669352085221192,4
308,11.402005077384885,11.459031053356558,-0.05702597597167269,1
309,11.320565693461432,11.657218636974292,-0.3366529435128598,3
310,12.793862088206213,12.840277458554448,-0.046415370348235285,4
311,12.017336559562407,12.097491993843866,-0.08015543428145833,0
312,11.790564777297387,11.797289375086605,-0.0067245977892174125,1
313,11.694421681264394,11.71804116354555,-0.023619482281155513,0
314,12.834683971615659,12.564439828449379,0.27024414316628054,0
315,12.08954444723597,12.075702956620864,0.0138414906151052,3
316,12.146858590895919,12.090419069122174,0.05643952177374523,4
317,12.468440756144114,12.465381054781815,0.0030597013622983837,2
318,12.506180941677357,12.46382038489416,0.04236055678319772,0
319,12.468440756144114,12.677040548752,-0.20859979260788641,3
320,12.141539457711714,12.190969097314959,-0.04942963960324498,1
321,12.74444728628135,12.787798822741385,-0.04335153646003498,1
322,12.777055016970678,12.746670935901744,0.03038408106893442,0
323,12.614868865984631,12.525591183151816,0.08927768283281523,4
324,11.745433036677353,11.726002110714202,0.019430925963151324,1
325,12.396697137361691,12.46734253478092,-0.07064539741922893,4
326,11.373674891823535,11.415833178046451,-0.042158286222916175,2
327,12.688501881189456,12.518276631851549,0.17022524933790706,0
328,11.886218559372042,11.899841276340286,-0.013622716968244575,1
329,12.276069679344003,12.102457771811192,0.17361190753281086,3
330,11.264476926102367,11.405759015266955,-0.14128208916458895,2
331,11.686887175419702,11.907469809090637,-0.22058263367093467,4
332,11.842236406331555,11.81794784693685,0.02428855939470509,0
333,12.556733038263905,12.670925373077067,-0.11419233481316127,0
334,12.240478903153711,12.209874593895035,0.030604309258675855,0
335,12.165255859329688,12.220565669205937,-0.055309809876249005,3
336,12.34126328584159,12.346856639372755,-0.005593353531164524,2
337,12.841132451487937,12.79825831037272,0.0428741411152167,4
338,12.273735966890268,12.284816381651556,-0.011080414761288182,2
339,12.218500103788143,12.239449018104386,-0.020948914316242906,4
340,11.951186847493476,11.908686788431243,0.042500059062232864,0
341,12.220473454337986,12.304710498349861,-0.08423704401187493,4
342,11.314486721293981,11.330026751933758,-0.015540030639776603,0
343,11.37940550085183,11.42900053208693,-0.049595031235099896,3
344,12.491255347155265,12.522638170288444,-0.031382823133178306,3
345,11.350418300109132,11.413390133695158,-0.0629718335860261,1
346,11.850832386224807,11.82266206655633,0.028170319668477717,3
347,11.928347504569842,11.856415262182956,0.071932242386886,1
348,11.967187086434018,12.080425997927401,-0.11323891149338294,3
349,11.944714374881176,12.145935398107042,-0.201221023225866,2
350,12.988043102265232,13.06674022776819,-0.07869712550295738,2
351,12.670001611311875,12.545435121147008,0.12456649016486665,1
352,12.154784614286667,12.19426397599385,-0.03947936170718336,1
353,11.461642696843066,11.426463343081748,0.03517935376131831,0
354,11.570259974415547,11.562469391720516,0.007790582695031745,3
355,11.849404844423074,11.917798317731487,-0.06839347330841328,4
356,12.086731521684555,12.100219908732308,-0.013488387047752681,2
357,12.06105265381003,12.061151184934541,-9.85311245109699e-05,2
358,11.80560254159177,11.887667168483707,-0.08206462689193827,3
359,11.775297421715827,11.796917780306797,-0.021620358590970667,0
360,12.54254845357358,12.52254465497869,0.020003798594890654,1
361,11.957617696467539,11.901489761075565,0.05612793539197369,1
362,11.884495917930655,11.770995863532093,0.11350005439856226,1
363,12.198549416880068,12.057796928004375,0.1407524888756928,4
364,11.678448377988165,11.61105155851981,0.06739681946835496,0
365,12.154784614286667,12.10446748958013,0.050317124706536376,1
366,11.898194668458823,11.7485533965755,0.149641271883322,4
367,11.976665770490767,11.995246213603297,-0.01858044311252982,2
368,12.013706813470414,11.905322372070179,0.10838444140023462,3
369,11.790564777297387,11.85726159329664,-0.06669681599925248,3
370,11.995357787034976,12.011404288715438,-0.016046501680461844,3
371,12.057578437658945,12.076372646280612,-0.018794208621667252,4
372,11.808821212646512,11.748767248581418,0.060053964065094334,1
373,11.736077016252437,11.72992632149607,0.006150694756367869,0
374,11.719947764402807,11.74938811642537,-0.029440352022563232,0
375,12.299112067295642,12.230569682751273,0.06854238454436867,2
376,11.0186455364637,11.082947491038228,-0.06430195457452825,2
377,11.904974309480183,11.81403913908276,0.09093517039742238,4
378,12.73670383776449,12.578199329148923,0.1585045086155663,0
379,12.885204569609956,12.758016319111809,0.12718825049814697,3
380,12.095146671399466,12.118103516603696,-0.022956845204230802,1
381,11.751950239425476,11.8388787615734,-0.08692852214792346,3
382,12.142871895843887,12.244833729682853,-0.10196183383896518,3
383,12.271396795480596,12.20347835395859,0.0679184415220071,3
384,11.23850177707664,11.40050573492408,-0.16200395784743904,2
385,12.388398368982115,12.490478793179161,-0.10208042419704633,3
386,12.165255859329688,12.123996061635626,0.04125979769406207,4
387,11.302216779257382,11.260075559786316,0.042141219471066194,3
388,11.736077016252437,11.757639690949361,-0.021562674696923523,0
389,12.160033942617156,12.15678272271459,0.0032512199025660493,4
390,12.962196972666593,12.968574412771002,-0.006377440104408549,0
391,11.686887175419702,11.754913433194764,-0.06802625777506144,2
392,12.278397958261774,12.229480088437317,0.04891786982445723,1
393,11.575909653758895,11.563911384577564,0.011998269181331622,3
394,11.51293546492023,11.279830655018904,0.23310480990132554,0
395,11.599112335481124,11.538958373558106,0.06015396192301736,1
396,11.767575435251748,11.787651462010603,-0.020076026758854226,4
397,11.719947764402807,11.784670913580303,-0.064723149177496,4
398,12.040614105490253,11.935442202876922,0.1051719026133302,2
399,11.112462823634855,11.265289651085226,-0.15282682745037057,2
400,12.392556361841777,12.280657697002784,0.1118986648389928,0
401,12.411056299528171,12.325226794876498,0.08582950465167372,0
402,12.013646205940514,12.167721808366144,-0.15407560242563,3
403,11.58989576532275,11.524586772816466,0.0653089925062833,1
404,12.460718739865236,12.379753559199276,0.08096518066595948,4
405,12.031725210748633,12.052578773764546,-0.02085356301591368,1
406,11.918397239722838,11.94519712109223,-0.026799881369392153,0
407,11.652696102959753,11.614616837919723,0.03807926504003056,2
408,12.083910661257521,12.031696239036492,0.05221442222102901,2
409,12.54254845357358,12.540491307318307,0.002057146255273423,1
410,12.73596827534975,12.691425128804807,0.0445431465449424,3
411,11.002116507732017,11.611234088355085,-0.6091175806230673,2
412,11.884495917930655,11.863247383308478,0.021248534622177573,3
413,12.310437165348775,12.450743174023359,-0.14030600867458354,0
414,11.652696102959753,11.534267965866798,0.11842813709295541,2
415,12.337105293891872,12.364583988897701,-0.027478695005829223,3
416,12.106997888588934,12.16530537433148,-0.05830748574254585,3
417,11.915058360753719,11.912845764206267,0.0022125965474515397,2
418,12.384223015005313,12.341109817012539,0.04311319799277413,3
419,11.744045122410057,11.528903335014887,0.21514178739517043,1
420,11.863589378812122,11.844565858677427,0.019023520134695104,3
421,12.237091546357338,12.132446137111973,0.10464540924536436,2
422,12.278397958261774,12.308023832499055,-0.029625874237281025,0
423,11.635151947212842,11.699171566962837,-0.06401961974999537,4
424,12.660331092405906,12.682094141901842,-0.021763049495936215,4
425,11.842236406331555,11.85193029795318,-0.009693891621624928,2
426,11.813037464800539,11.870322732317414,-0.05728526751687468,0
427,12.524530013005734,12.436606146243328,0.08792386676240582,0
428,11.599185726610004,11.658691546065308,-0.05950581945530331,0
429,12.182809136284991,12.137601574438202,0.04520756184678909,1
430,12.07254696717504,12.193568533413732,-0.1210215662386922,3
431,11.355113089309977,11.463121025794162,-0.10800793648418505,4
432,11.288543647320601,11.571547572560316,-0.28300392523971496,4
433,11.715874472198905,11.714515320223397,0.0013591519755085102,0
434,12.10625783509458,12.09477614082831,0.011481694266269216,4
435,11.302216779257382,11.304497894953492,-0.0022811156961104473,1
436,12.264346270624157,12.206686579629594,0.05765969099456392,2
437,11.661354090741,11.553708982929708,0.1076451078112921,0
438,11.686887175419702,11.65162723569196,0.03525993972774266,4
439,11.411457364027745,11.642148400366697,-0.2306910363389516,2
440,11.608244735642321,11.846680811442432,-0.23843607580011117,4
441,13.22672519452875,13.03943189676802,0.18729329776073023,3
442,11.678448377988165,11.645798597651615,0.032649780336550194,1
443,12.000897933306716,11.8374786139063,0.16341931940041476,2
444,12.058158312538197,12.12984020128505,-0.07168188874685377,4
445,12.25486757159303,12.259194362513155,-0.004326790920124779,3
446,11.755879486687116,11.88205295332928,-0.12617346664216456,1
447,12.154784614286667,12.200132304327886,-0.045347690041218414,0
448,12.20557752297723,12.213996663036713,-0.008419140059483965,4
449,11.691080018519527,11.72282309557393,-0.03174307705440249,3
450,11.695255355062795,11.609078519080676,0.08617683598211912,2
451,11.608244735642321,11.572701615339362,0.03554312030295925,3
452,12.54254845357358,12.314972027819607,0.2275764257539734,2
453,12.225880174775122,12.209339467768086,0.016540707007036914,1
454,12.25486757159303,12.28077231192729,-0.025904740334260268,1
455,12.144202560946876,11.92748930903183,0.21671325191504565,1
456,12.075400019877522,12.015088154356773,0.06031186552074885,2
457,11.49273296168228,11.312151902587619,0.1805810590946617,0
458,12.45293662970407,12.25288553441254,0.20005109529152953,1
459,11.989165855127435,11.977074050208346,0.012091804919089455,3
460,11.608244735642321,11.679883318182217,-0.07163858253989552,0
461,12.481565733211923,12.386318561898575,0.09524717131334803,2
462,11.951186847493476,11.969831660970632,-0.018644813477155964,0
463,11.04106411122238,11.689721551017962,-0.6486574397955831,2
464,12.147919030759663,12.128905312004992,0.01901371875467106,2
465,11.728044909070785,11.72017649900717,0.007868410063615272,1
466,12.093693109638318,12.076236840912806,0.017456268725512203,1
467,12.025755079404917,12.009065228280326,0.01668985112459076,2
468,11.89478753335453,11.925246809029636,-0.030459275675106312,4
469,12.429220196836383,12.41954707752109,0.009673119315293022,2
470,12.138869243416009,12.09444643547426,0.04442280794174813,2
471,12.264346270624157,12.274711170948008,-0.010364900323850179,1
472,12.154784614286667,12.152948022570696,0.0018365917159712808,2
473,11.904974309480183,11.751581320448086,0.1533929890320973,0
474,12.994532278619134,12.836571586532349,0.15796069208678531,1
475,12.433212202169729,12.476730378681086,-0.043518176511357254,0
476,11.794345471549745,11.77829152698688,0.016053944562864686,2
477,12.249615734512616,12.256829142228375,-0.00721340771575818,0
478,12.847929163278053,12.876204349171799,-0.028275185893745558,2
479,12.601490784782536,12.628143126556887,-0.026652341774351385,2
480,11.401681006153428,11.698321412990474,-0.29664040683704584,1
481,12.694655727828803,12.738962549074596,-0.04430682124579377,4
482,12.832013750189885,12.761309522948027,0.07070422724185832,4
483,11.951186847493476,11.967817292138477,-0.016630444645000964,0
484,12.00762780434872,11.907472217370755,0.10015558697796578,0
485,11.794345471549745,11.808551807816189,-0.014206336266443742,3
486,11.898194668458823,11.905662333129854,-0.0074676646710312156,3
487,11.957617696467539,11.906202903679459,0.05141479278807992,0
488,12.07254696717504,12.087621001956185,-0.015074034781145329,4
489,11.982935344196433,11.67024784397635,0.3126875002200826,0
490,11.362114203075018,11.505168826469262,-0.14305462339424402,4
491,11.652696102959753,11.603116094580335,0.04958000837941867,1
492,11.798111925972618,11.827735691357704,-0.02962376538508593,0
493,12.059809113551397,12.013104968059903,0.046704145491494486,1
494,11.951186847493476,11.858276864669795,0.09290998282368079,3
495,11.421917019425596,11.468784483345692,-0.046867463920095886,0
496,10.460270761075149,11.086732210524639,-0.62646144944949,3
497,12.971542813248437,12.894872406914201,0.07667040633423561,0
498,12.122696471358964,12.03633808404999,0.08635838730897305,2
499,11.775297421715827,11.784408064083959,-0.00911064236813175,4
500,11.695255355062795,11.801397146664085,-0.10614179160129034,2
501,11.635151947212842,11.594835417175734,0.04031653003710822,2
502,12.331387247601905,12.292166593682962,0.03922065391894236,4
503,11.849404844423074,11.841111422405858,0.008293422017215946,3
504,12.574185427296195,12.487241474354999,0.08694395294119595,4
505,11.898194668458823,11.855136412219295,0.04305825623952764,4
506,11.732069026983156,11.726448217971836,0.00562080901132056,0
507,12.278397958261774,12.298717490212862,-0.020319531951088265,1
508,12.246739428005663,12.16867317387745,0.07806625412821333,0
509,11.989165855127435,11.945499287573748,0.043666567553687585,0
510,11.732069026983156,11.82833836203931,-0.09626933505615298,4
511,12.013100572810686,12.009287003134213,0.0038135696764722837,4
512,12.2193145828011,12.18904949486373,0.03026508793737115,2
513,11.774527900858468,11.696212551535135,0.07831534932333284,0
514,11.80560254159177,11.864073377060285,-0.0584708354685155,4
515,11.477308649967686,11.473110708184707,0.004197941782978276,1
516,12.90634935052389,12.965939391082461,-0.059590040558571644,3
517,11.970356641102999,11.996603748287127,-0.026247107184127927,3
518,12.487488878546145,12.48608125064016,0.0014076279059853647,3
519,12.259618151783465,12.180270859392373,0.07934729239109295,4
520,12.36308066783498,12.389549066985516,-0.026468399150536115,0
521,11.573559498507079,11.410150092341329,0.16340940616574962,3
522,11.918397239722838,11.930646709027112,-0.012249469304274285,4
523,11.976665770490767,11.926663409092685,0.05000236139808223,1
525,12.662709207270272,12.598442534280856,0.06426667298941524,0
526,12.07824495582233,12.137612528088402,-0.0593675722660727,1
527,11.790564777297387,11.795899430019286,-0.005334652721899147,2
528,13.008661502470739,13.080691446346393,-0.07202994387565376,1
529,11.362114203075018,11.436645734401273,-0.07453153132625445,0
530,12.209192772866418,12.388110985613963,-0.17891821274754527,3
531,12.07254696717504,12.147799571214884,-0.07525260403984468,2
532,11.759793355371237,11.780875476087337,-0.02108212071610005,2
533,11.58525542883217,11.555159299877777,0.030096128954392398,3
534,10.579005242826247,10.851380100994248,-0.27237485816800167,1
535,12.08954444723597,12.162453863186398,-0.07290941595042888,0
536,11.58525542883217,11.84682603066512,-0.26157060183295044,0
537,12.144202560946876,12.16379423089358,-0.019591669946702694,4
538,11.619544188752133,11.69762758348482,-0.07808339473268688,1
539,11.970356641102999,11.845582419737688,0.12477422136531047,1
540,12.513561021741964,12.457199753889313,0.056361267852651054,2
541,12.660331092405906,12.76142350456978,-0.1010924121638741,3
542,12.421188057397055,12.467403665887888,-0.04621560849083295,2
543,12.270225154674701,12.261186587130046,0.009038567544655152,1
544,11.798111925972618,11.789338044949202,0.008773881023415697,0
545,12.098854850641,12.199777571588859,-0.10092272094785848,1
546,12.34148164933907,12.390523125460119,-0.04904147612104914,4
547,12.25486757159303,12.018540293171721,0.2363272784213084,2
548,11.771443882099637,11.747607038643814,0.023836843455823598,1
549,11.736077016252437,11.708741517646812,0.02733549860562512,3
550,12.479913113434042,12.390536884953969,0.08937622848007365,4
551,11.849404844423074,11.802457204875727,0.04694763954734604,2
552,11.630717389475995,11.616024653741341,0.014692735734653795,4
553,12.450981602512561,12.501441316873432,-0.05045971436087093,4
554,11.58989576532275,11.568876015617072,0.02101974970567788,3
555,12.556733038263905,12.510370491688068,0.04636254657583727,3
556,11.635151947212842,11.598499602047017,0.03665234516582494,2
557,11.856522261533737,11.894962733490699,-0.038440471956961986,3
558,11.58989576532275,11.525631401696014,0.06426436362673549,3
559,12.07254696717504,12.160102945630545,-0.08755597845550511,4
560,12.36308066783498,12.156961703711815,0.20611896412316533,4
561,11.707677772181546,12.035453202131674,-0.3277754299501279,0
562,12.04355959836804,11.974763608981792,0.06879598938624731,1
563,11.58989576532275,11.669816704695572,-0.07992093937282263,0
564,12.128116509451258,12.031928447715583,0.09618806173567584,1
565,12.498745990829315,12.475322652533213,0.023423338296101548,0
566,11.759793355371237,11.63875227971518,0.12104107565605737,3
567,12.691583538230217,12.691822620526935,-0.000239082296717541,2
568,12.273735966890268,12.252125044831855,0.02161092205841264,2
569,12.665397584983758,12.55253697280867,0.11286061217508703,0
570,11.820123358887447,11.840987413214673,-0.02086405432722671,2
571,11.867805799560465,11.90738640825305,-0.03958060869258517,4
572,11.695255355062795,11.666256607873095,0.02899874718969997,1
573,12.32163544049751,12.301594644327599,0.02004079616991028,3
574,12.04355959836804,11.984187596087983,0.05937200228005679,1
575,11.842236406331555,11.69218963303397,0.15004677329758564,3
576,11.682676678340282,11.580887959980693,0.10178871835958958,0
577,11.884495917930655,11.901963596023732,-0.0174676780930767,2
578,12.010671928196443,11.906230478337525,0.10444144985891768,1
579,11.891368749982085,11.979574025769747,-0.08820527578766146,1
580,11.78676973513378,11.746200601628738,0.04056913350504132,2
581,12.111217862017215,12.03399860655613,0.07721925546108466,2
582,12.442306148381938,12.796703795925886,-0.35439764754394787,3
583,11.682676678340282,11.640751475986367,0.041925202353915836,4
584,12.691583538230217,12.682851325493656,0.008732212736560996,3
585,11.798111925972618,11.771677747812209,0.02643417816040916,2
586,12.820990681250251,12.803662390723082,0.017328290527169443,1
587,11.775297421715827,11.706348835406127,0.06894858630970013,2
588,11.827743504053695,11.75133855831154,0.07640494574215495,1
589,11.870606902224587,12.318112477827421,-0.4475055756028343,4
590,11.283524879179666,11.432607478608743,-0.14908259942907698,1
591,12.132969552931216,12.159930955251099,-0.02696140231988231,0
592,13.02132904585825,13.052532358801,-0.031203312942750472,2
593,11.835016210489899,11.84404647996731,-0.009030269477412034,1
594,11.849404844423074,11.843643658802941,0.005761185620132281,4
595,11.608244735642321,11.695669846676138,-0.08742511103381645,1
596,12.672949516558306,12.781111584557491,-0.10816206799918504,4
597,11.648373769145277,11.619828939776196,0.028544829369080205,2
598,12.176654133447505,12.164051655915335,0.012602477532169587,2
599,12.289958727201455,12.154397067790775,0.13556165941067988,1
600,11.92504173829169,11.947729539471462,-0.02268780117977265,3
601,12.524530013005734,12.502994359034425,0.021535653971309188,4
602,11.856522261533737,11.784996493339033,0.07152576819470369,1
603,12.301387370778713,12.312451245742768,-0.011063874964055032,3
604,11.92504173829169,11.953014699973302,-0.027972961681612674,2
605,12.30592250537653,12.297693503368636,0.008229002007894337,2
606,12.230770136157428,12.204822724203575,0.02594741195385275,2
607,11.931642378754141,11.935366930647081,-0.0037245518929402976,3
608,12.323860125621126,12.070173575502839,0.253686550118287,1
609,12.791358964949923,12.615453589922875,0.17590537502704784,4
610,11.682676678340282,11.693486036775182,-0.010809358434899607,2
611,12.653961664405365,12.71494286092936,-0.06098119652399525,3
612,11.904974309480183,11.956234606850307,-0.051260297370124164,4
613,12.474193386571581,12.498669261170495,-0.024475874598913094,2
614,11.898194668458823,11.699959644474443,0.1982350239843793,1
615,11.231901180182515,11.325269174629293,-0.09336799444677801,0
616,11.83138646878959,11.834682296275242,-0.0032958274856511593,1
617,12.118339189722553,12.131696437233087,-0.01335724751053391,4
618,11.566475710526321,11.62992919149963,-0.06345348097330827,3
619,12.659737267217572,12.588438344544437,0.07129892267313487,3
620,12.628070334272698,12.676352270937219,-0.0482819366645213,1
621,11.112462823634855,11.0887795258552,0.023683297779655277,3
622,12.388398368982115,12.417650026932192,-0.029251657950077004,4
623,11.813037464800539,11.749584129056192,0.06345333574434697,0
624,12.034696963475044,12.090693924213458,-0.05599696073841365,2
625,12.014615485902027,12.014217097964556,0.0003983879374711563,4
626,11.982935344196433,11.865759093562705,0.11717625063372772,4
627,11.848690308590857,11.78968517626118,0.05900513232967697,1
628,11.938199736300925,12.048691487982188,-0.11049175168126268,4
629,11.813037464800539,12.02463430381767,-0.21159683901713144,4
630,12.034696963475044,11.967367678088644,0.06732928538639982,1
631,11.728044909070785,11.727445612461773,0.0005992966090122565,2
632,12.252483791602627,12.320965900818344,-0.06848210921571685,2
633,11.320565693461432,12.077500700000192,-0.7569350065387592,3
634,11.845109950883979,11.815088449079846,0.0300215018041321,3
635,11.87757552297847,11.81788393881578,0.05969158416268883,2
636,12.206077645517674,12.013199750378245,0.19287789513942855,0
637,11.002116507732017,10.799736273674416,0.20238023405760153,0
638,11.440365524765756,11.570008685136324,-0.1296431603705681,0
639,11.350418300109132,11.453709545825735,-0.10329124571660309,3
640,12.485830907348902,12.494124330330509,-0.00829342298160718,0
641,12.520887034998584,12.548389727438707,-0.027502692440123155,1
642,12.328294703023394,12.411948343640352,-0.08365364061695857,0
643,12.75130259456002,12.703077876504967,0.04822471805505302,3
644,11.931642378754141,11.933093287957393,-0.001450909203251527,2
645,12.823631142839984,12.764370558463474,0.05926058437650994,1
646,11.872353615355413,11.832157869536479,0.04019574581893437,4
647,11.495789479023493,11.549662805873005,-0.05387332684951218,2
648,11.951186847493476,11.91526505301931,0.035921794474166546,4
649,11.951186847493476,11.95042183209136,0.0007650154021163758,2
650,11.344518647594766,11.262450995750605,0.0820676518441612,4
651,12.235393555399902,12.206704355670842,0.028689199729059922,1
652,11.58989576532275,11.539321842633806,0.050573922688943895,4
653,12.160033942617156,12.171699440239582,-0.011665497622425747,4
654,11.813037464800539,11.824491561200931,-0.011454096400392189,1
655,12.765691290604371,12.816899586447825,-0.051208295843453655,4
656,11.385103457032141,11.39104878999499,-0.005945332962848937,2
657,11.8879382384223,11.94314933964563,-0.05521110122333006,2
658,11.91170829631447,12.03116628732095,-0.11945799100647925,4
659,11.487617913343598,11.734995519560965,-0.24737760621736626,3
660,12.025755079404917,11.974617032200488,0.051138047204428716,3
661,12.19552218463499,12.22144470311041,-0.025922518475420375,1
662,12.904209855160254,12.848977464554864,0.05523239060538998,4
663,11.608244735642321,11.808585693303154,-0.20034095766083304,0
664,11.83138646878959,11.883205490735321,-0.051819021945730626,2
665,12.955129822091815,12.738297354943363,0.2168324671484516,0
666,12.348010479804223,12.40987825691076,-0.06186777710653679,3
667,11.767575435251748,12.044555465639702,-0.2769800303879535,0
668,12.173037959397275,12.227443883544566,-0.054405924147291174,2
669,12.031725210748633,11.982232490613383,0.04949272013524997,3
670,11.83138646878959,11.66111419278834,0.17027227600125094,1
671,12.063938642041201,12.090548832955198,-0.0266101909139973,1
672,11.548302261270587,11.528648565534597,0.01965369573598963,3
673,12.013706813470414,12.085433631753748,-0.07172681828333438,1
674,12.458778882573533,12.475273441538429,-0.01649455896489549,0
675,11.849404844423074,11.914359535063367,-0.06495469064029358,0
676,11.908346971208951,11.867734997568874,0.04061197364007718,1
677,11.373674891823535,11.459709378815498,-0.08603448699196292,1
678,11.603688960617083,11.584510531284785,0.019178429332297853,2
679,12.827995001361906,12.726135450613613,0.10185955074829245,2
680,11.763691965388299,11.762919634214455,0.0007723311738434546,2
681,11.870606902224587,11.767903258882248,0.10270364334233939,4
682,11.979391594635791,11.630911021177626,0.34848057345816486,0
683,12.06105265381003,12.092446287450969,-0.03139363364093839,0
684,12.560247968016562,12.554217058833924,0.0060309091826376005,3
685,12.30592250537653,12.257990632964507,0.04793187241202368,3
686,12.242891437918386,12.348747546739125,-0.10585610882073837,4
687,12.336556900342153,12.344722475626552,-0.008165575284399651,3
688,11.910365121788654,11.94070572505094,-0.03034060326228527,4
689,12.879019669789754,12.35286790999189,0.5261517597978642,1
690,12.179220327453931,12.140779274714722,0.03844105273920917,0
691,11.856522261533737,11.91814220894791,-0.061619947414172316,3
692,13.534474352733596,13.253219752672031,0.28125460006156544,1
693,12.721888795877375,12.662726185742217,0.05916261013515722,3
694,11.59433032142082,11.538392159653501,0.05593816176731892,0
695,11.860062063178267,11.744524639824984,0.11553742335328288,2
696,12.07824495582233,12.121335857257348,-0.04309090143501848,4
697,11.39640288460621,11.460730827978646,-0.06432794337243486,2
698,11.724004532183379,11.750941435712523,-0.02693690352914402,3
699,11.83863282480007,11.779834283972383,0.05879854082768787,2
700,12.185875040240456,12.147745219944557,0.0381298202958984,0
701,12.652362948153474,12.634963775473963,0.017399172679510855,3
702,11.849404844423074,11.881961870015141,-0.032557025592067745,2
703,12.799178471909892,12.733774734967023,0.06540373694286927,1
704,11.849404844423074,11.819856195253102,0.02954864916997124,1
705,12.269052139516223,12.252181397504938,0.016870742011285245,0
706,10.915106645867503,11.135062964059554,-0.2199563181920503,1
707,12.618185607609803,12.613122887684058,0.005062719925744474,0
708,12.445093483000798,12.27570748049553,0.16938600250526825,2
709,12.09815887308463,12.076544554937843,0.021614318146786715,4
710,11.60733523953139,11.619866409477986,-0.012531169946596421,4
711,10.859018228147887,11.242871750196564,-0.3838535220486765,0
712,11.54031687156214,11.306050564997458,0.23426630656468284,1
713,12.149507585033072,12.184536210468531,-0.035028625435458594,3
714,11.767575435251748,11.634828335417255,0.13274709983449284,1
715,11.779136168550774,12.037235495057567,-0.2580993265067928,1
716,12.013706813470414,11.931409685278359,0.08229712819205481,0
717,11.979805470779858,12.23641408479096,-0.25660861401110147,4
718,11.964007453736912,12.040479968324787,-0.0764725145878753,0
719,12.739640688812674,12.695061684508083,0.04457900430459105,3
720,11.763691965388299,11.79125579866193,-0.0275638332736321,4
721,12.524530013005734,12.486603419556555,0.03792659344917837,3
722,11.870606902224587,11.87841834821548,-0.007811445990892452,3
723,11.732069026983156,11.693018391528035,0.039050635455121,2
724,11.813037464800539,11.81293192916141,0.00010553563912907293,0
725,12.676079399771027,12.62355941690908,0.0525199828619467,1
726,11.699413330633599,11.698665522422337,0.0007478082112619688,2
727,12.310437165348775,12.331183092980437,-0.020745927631661942,3
728,12.178192583415596,12.183421429931597,-0.005228846516001084,3
729,11.608244735642321,11.82937575629605,-0.22113102065372914,3
730,11.542493975902508,11.466068881860581,0.07642509404192666,3
731,12.373707715234994,12.482760098526406,-0.1090523832914112,0
732,12.141539457711714,12.126171353783771,0.0153681039279423,3
733,12.312686874960354,12.351409715328028,-0.03872284036767404,0
734,11.786008995353765,11.804633279505467,-0.018624284151702142,2
735,11.58989576532275,11.54933709192826,0.040558673394489375,4
736,12.001511614739405,12.063277759719142,-0.06176614497973709,4
737,11.445727410406752,11.419439076174136,0.026288334232615895,2
738,12.3879816172226,12.31162847096903,0.07635314625357026,2
739,12.095146671399466,11.8662217491376,0.22892492226186612,1
740,12.154784614286667,12.171781957352112,-0.016997343065444426,3
741,11.790564777297387,11.633607681520445,0.15695709577694217,2
742,11.863589378812122,11.823586571177449,0.04000280763467323,3
743,12.095146671399466,12.018864086697004,0.07628258470246152,2
744,12.07254696717504,12.005645327141144,0.06690164003389576,4
745,12.100717685412471,12.25880713593815,-0.15808945052567935,1
746,12.61087420020211,12.726936668923637,-0.11606246872152681,2
747,12.371591321286905,12.379795563515104,-0.008204242228199377,3
748,12.491176396967154,12.400566037848307,0.09061035911884652,1
749,12.469978029554953,12.402360783629051,0.06761724592590213,0
750,11.49273296168228,11.316069774077606,0.17666318760467448,3
751,11.477308649967686,11.412069123663613,0.06523952630407237,4
752,11.995357787034976,11.981526755783626,0.013831031251349657,2
753,12.28765724080691,12.248632621042733,0.03902461976417726,1
754,12.526346537332584,12.523695665672154,0.0026508716604300986,2
755,11.957617696467539,11.9257748183561,0.03184287811143882,1
756,12.058158312538197,12.020668720396039,0.0374895921421583,2
757,12.264346270624157,12.272961009482334,-0.008614738858176096,2
758,11.97603664577121,11.859740244779585,0.11629640099162408,4
759,12.097378802727306,12.042531021898474,0.05484778082883146,4
760,12.577639650232573,12.58990408725048,-0.01226443701790636,2
761,11.755879486687116,11.757604096237733,-0.001724609550617373,2
762,11.51293546492023,11.667301130520118,-0.1543656655998884,0
763,12.279327754099118,12.201277830110078,0.07804992398903998,3
764,12.727841176689147,12.632798576883756,0.09504259980539054,3
765,12.506180941677357,12.449847113643017,0.05633382803434017,1
766,12.484208043148733,12.5259505033635,-0.04174246021476691,0
767,12.188422799337028,12.118323175165507,0.0700996241715206,0
768,11.982935344196433,12.039528973344876,-0.056593629148443014,1
769,12.28690580994122,12.376294953871074,-0.08938914392985353,0
770,13.195615697878253,13.036946347084454,0.15866935079379907,4
771,11.812296455066814,11.737306141989169,0.07499031307764525,4
772,11.532737896139919,11.648345306776962,-0.11560741063704327,0
773,11.580593459194764,11.787746527203645,-0.20715306800888023,1
774,11.648338835562747,11.694870505928499,-0.04653167036575212,3
775,12.886643575525625,12.55125071856853,0.3353928569570943,0
776,11.995357787034976,11.994942730985956,0.000415056049019924,2
777,12.308182383129823,12.302447617291723,0.0057347658381008415,3
778,11.86710429621008,11.798775376651577,0.06832891955850329,2
779,11.87757552297847,11.836472654686613,0.04110286829185661,0
780,11.813037464800539,11.875444788132873,-0.062407323332333675,3
781,12.07824495582233,12.0330535310464,0.04519142477592908,0
782,12.077676615757813,12.055819300671256,0.02185731508655664,4
783,12.139403856983334,12.147144026557939,-0.007740169574605105,0
784,12.016732516077072,11.986390866975572,0.030341649101499613,2
785,11.759793355371237,11.770413965115628,-0.010620609744391274,1
786,11.992266613576142,11.967993876954313,0.024272736621828273,2
787,11.842236406331555,11.734478324060406,0.10775808227114858,3
788,12.358798024384122,12.326495147485092,0.03230287689902944,0
789,11.588969419043872,11.616916893708055,-0.027947474664182792,1
790,12.141539457711714,12.30292610990498,-0.16138665219326676,1
791,11.984184555794167,11.969782614340003,0.014401941454163847,1
792,11.896833207128452,11.934233933679844,-0.03740072655139137,3
793,12.505402864156405,12.326102818543653,0.17930004561275226,4
794,12.323860125621126,12.377307001837329,-0.05344687621620281,0
795,12.178192583415596,12.17169912059154,0.006493462824055385,1
796,12.049424683420915,11.997396426271578,0.052028257149336454,1
797,11.874097282798648,11.814418392629499,0.05967889016914896,3
798,11.608244735642321,11.503269915333966,0.10497482030835492,0
799,13.091906231773164,13.15492520292347,-0.06301897115030641,0
800,12.07254696717504,11.921289132754831,0.15125783442020868,4
801,12.206077645517674,12.218398156711372,-0.012320511193697925,0
802,11.60733523953139,11.767864617542267,-0.16052937801087808,3
803,12.149507585033072,12.150850726183632,-0.001343141150560001,2
804,13.275829251377,13.017624719890982,0.25820453148601885,4
805,11.678448377988165,11.663392283619139,0.015056094369025885,3
806,12.335700805443338,12.34374410352927,-0.008043298085931738,0
807,11.816734299348461,11.754689939854911,0.062044359493549806,1
808,12.317171167298682,12.242299099844251,0.07487206745443054,4
809,11.982622797311857,11.894389406503546,0.08823339080831083,2
810,11.571203807011969,11.70092123336379,-0.12971742635182082,2
811,12.10625783509458,12.072929155924864,0.03332867916971516,0
812,11.881041706925902,11.895126963974166,-0.014085257048263244,2
813,10.932999821119937,11.353829135809338,-0.4208293146894011,4
814,11.969723533345908,11.942385076474817,0.0273384568710906,2
815,11.661354090741,11.611751648626843,0.049602442114156986,1
816,12.323415584358154,12.227594145892905,0.09582143846524893,2
817,11.827743504053695,11.80778707300001,0.019956431053683943,4
818,12.509877789891931,12.494315644590161,0.015562145301769803,1
819,11.951186847493476,11.971213630333574,-0.02002678284009818,0
820,12.319405795112926,12.311542736910376,0.007863058202550732,0
821,12.117246896289503,12.118689147759584,-0.0014422514700811462,1
822,11.440365524765756,11.369996796278045,0.07036872848771125,1
823,12.323860125621126,12.106102847945442,0.21775727767568398,4
824,11.845827048676645,11.858094852970703,-0.012267804294058493,3
825,12.357079818283598,12.39092766503049,-0.033847846746892785,4
826,12.861001210669146,12.9696253828231,-0.10862417215395404,4
827,11.603688960617083,11.426126808731402,0.17756215188568092,2
828,12.149507585033072,12.178998904438235,-0.02949131940516203,4
829,12.128116509451258,12.170771136152593,-0.04265462670133502,0
830,11.900912042974875,11.91257239265389,-0.011660349679015525,0
831,12.019749091416921,11.99880364110422,0.020945450312702008,2
832,11.92504173829169,11.91997098418107,0.005070754110619191,3
833,12.37581963951765,12.331782955314601,0.04403668420304818,4
834,12.025755079404917,11.98808410873566,0.03767097066925729,1
835,11.849047640327147,11.835006832230155,0.014040808096991597,1
836,11.759793355371237,11.868007705340545,-0.1082143499693089,3
837,11.941462360646149,11.860098972851361,0.08136338779478791,2
838,11.51293546492023,11.491302939373849,0.021632525546380066,4
839,11.87757552297847,11.887730329924832,-0.010154806946362172,3
840,11.779136168550774,11.710786524647723,0.06834964390305132,1
841,11.849404844423074,11.793102427425048,0.05630241699802596,4
842,11.967187086434018,11.826804975710534,0.1403821107234844,2
843,12.071975378543236,11.978495530969816,0.09347984757341976,0
844,11.856522261533737,11.668195469561066,0.18832679197267055,1
845,11.944064817531656,11.822957277620596,0.12110753991106016,2
846,12.049424683420915,12.069045825424435,-0.01962114200352083,3
847,12.269052139516223,12.211742487905695,0.05730965161052737,1
848,11.80186424743109,11.788288531879639,0.013575715551452205,4
849,12.388398368982115,12.380499133945925,0.007899235036189722,0
850,12.138869243416009,12.123078164256773,0.01579107915923572,4
851,11.78676973513378,11.868318120641867,-0.0815483855080874,1
852,12.278397958261774,12.23695892177393,0.041439036487844305,3
853,12.00762780434872,12.022564741806704,-0.014936937457983746,3
854,11.970356641102999,12.032163602521889,-0.06180696141889008,0
855,12.04355959836804,11.985535572334838,0.05802402603320189,3
856,11.751950239425476,11.775332906901177,-0.02338266747570117,3
857,11.898194668458823,11.935280689576551,-0.03708602111772841,3
858,12.066816325306588,11.990617403851346,0.07619892145524254,2
859,11.931642378754141,11.863202708236871,0.06843967051726985,2
860,12.429220196836383,12.35177121604874,0.0774489807876435,2
861,12.154521423145216,12.09986747591834,0.05465394722687478,2
862,11.78676973513378,11.707811685072583,0.07895805006119616,2
863,11.931642378754141,11.835597643280195,0.09604473547394576,4
864,11.794345471549745,11.794287388577057,5.8082972687500956e-05,0
865,12.43153750053306,12.208195218007914,0.22334228252514698,2
866,11.908346971208951,11.833790668822344,0.0745563023866076,1
867,12.424810506025395,12.495322751850809,-0.07051224582541415,2
868,11.767575435251748,11.788520021976757,-0.020944586725008207,1
869,12.037659911047468,11.946527181132494,0.09113272991497468,2
870,12.371591321286905,12.303706371235526,0.06788495005137918,0
871,11.603688960617083,11.520146632131215,0.0835423284858674,4
872,12.208574513247495,12.12705613240845,0.08151838083904472,3
873,11.661354090741,11.735443554367263,-0.07408946362626345,0
874,11.798111925972618,11.812082248139458,-0.013970322166839466,3
875,11.104972264124868,11.411176051865866,-0.30620378774099777,2
876,12.623064399210183,12.699429881256485,-0.07636548204630245,2
877,11.792456911128632,11.875549724137787,-0.08309281300915572,2
878,12.765691290604371,12.743551385148347,0.022139905456024067,2
879,11.904974309480183,11.929058764190188,-0.024084454710004977,1
880,11.824087219587643,11.823851724208762,0.00023549537888101213,2
881,11.964007453736912,11.961294437059504,0.0027130166774078646,3
882,12.141539457711714,12.27790527933996,-0.13636582162824595,3
883,12.08954444723597,12.082393309326074,0.007151137909895411,3
884,11.682676678340282,11.739181357327137,-0.05650467898685463,1
885,11.51293546492023,11.679562664559352,-0.1666271996391231,4
886,12.70351207261035,12.418813963759456,0.2846981088508933,1
887,11.884495917930655,11.916369599361628,-0.03187368143097302,1
888,11.816734299348461,11.830121748148368,-0.013387448799907276,1
889,12.498745990829315,12.570277470420887,-0.07153147959157202,2
890,11.915058360753719,11.971770908968209,-0.0567125482144899,3
891,11.719134432217524,11.61451993866031,0.10461449355721442,3
892,12.058158312538197,11.98684100305381,0.07131730948438708,0
893,11.947955847790901,11.875815537680985,0.07214031010991562,4
894,12.013706813470414,11.914564170838167,0.09914264263224659,2
895,11.685693195625964,11.708687462110808,-0.022994266484843706,4
896,11.849404844423074,11.977093736968108,-0.12768889254503435,4
897,11.575909653758895,11.330758002184611,0.2451516515742842,0
898,11.870278179170796,11.846731275202972,0.02354690396782466,1
899,13.323928581764989,13.095252205919804,0.2286763758451844,3
900,11.813037464800539,11.776095101952162,0.03694236284837693,0
901,11.608244735642321,11.599807780022514,0.008436955619806952,1
902,11.938199736300925,11.872208097961472,0.06599163833945276,2
903,12.100717685412471,12.107521071701942,-0.006803386289471192,3
904,12.388398368982115,12.349191936125147,0.03920643285696812,1
905,11.74006900564972,11.677597750367195,0.06247125528252617,1
906,11.759793355371237,11.771390476997487,-0.011597121626250484,0
907,12.449022745701502,12.44308868936554,0.005934056335961557,3
908,12.429220196836383,12.387995449441592,0.041224747394791095,4
909,11.782960235741939,11.783179523590851,-0.00021928784891223074,0
910,12.066816325306588,12.058419898893067,0.008396426413520786,0
911,11.946660519211651,11.88425151332924,0.062409005882411606,3
912,11.874097282798648,11.942745355125663,-0.06864807232701509,1
913,11.385103457032141,11.432376656555578,-0.04727319952343656,0
914,11.884495917930655,11.926254945756677,-0.04175902782602137,4
915,12.065280672855897,12.031234871394547,0.03404580146134961,2
916,11.225256725762893,11.334176974506395,-0.1089202487435017,1
917,10.471978128496518,11.063581105866179,-0.5916029773696607,2
918,11.813037464800539,11.854350901409312,-0.04131343660877285,2
919,12.380030154325457,12.443228178275794,-0.06319802395033669,0
920,12.081081821061819,12.00585002743537,0.0752317936264486,4
921,12.211065162153215,12.157236329123439,0.053828833029776035,4
922,11.890683588496984,12.011241170661062,-0.12055758216407853,4
923,12.043500773454495,12.134738489241741,-0.09123771578724593,3
924,12.170450649220749,12.136381494162203,0.03406915505854613,0
925,12.242891437918386,12.161482512512556,0.08140892540582989,2
926,12.07254696717504,11.968985094257008,0.1035618729180321,4
927,12.560247968016562,12.585499745401668,-0.025251777385106422,4
928,12.07824495582233,12.115669531627557,-0.03742457580522718,3
929,12.373707715234994,12.43789058199902,-0.06418286676402651,4
930,12.310437165348775,12.366761503282314,-0.05632433793353897,4
931,12.211065162153215,12.31942376369131,-0.10835860153809485,2
932,11.674202123168433,11.71914323931001,-0.04494111614157781,1
933,12.676079399771027,12.5846364975959,0.0914429021751264,3
934,12.154784614286667,12.202961623877673,-0.048177009591006126,3
935,12.396697137361691,12.365528379215217,0.031168758146474573,4
936,11.288543647320601,11.36113825057167,-0.07259460325106915,3
937,12.127575825689417,12.138972180117406,-0.011396354427988697,0
938,12.441148720271016,12.357590272745327,0.08355844752568942,1
939,12.387560521575551,12.406497490244469,-0.018936968668917586,1
940,12.406565597924235,12.392462733224237,0.014102864699998108,4
941,11.924379271639218,12.057218142853005,-0.1328388712137869,3
942,12.273735966890268,12.32409056983089,-0.05035460294062233,0
943,11.918397239722838,11.693292601703147,0.22510463801969038,1
944,11.870606902224587,11.837293451177166,0.03331345104742134,3
945,11.83138646878959,12.047902718721344,-0.2165162499317539,4
946,11.735276702486741,11.852847266533464,-0.11757056404672284,3
947,11.870606902224587,11.894443131607597,-0.023836229383009666,0
948,12.506180941677357,12.552860924543499,-0.0466799828661415,3
949,12.167856627501678,12.2397127536428,-0.0718561261411228,1
950,12.193498926601634,12.128764757626753,0.06473416897488171,1
951,11.767575435251748,11.832243175475847,-0.06466774022409894,3
952,11.694421681264394,11.646250608411405,0.04817107285298938,2
953,11.804855999911272,11.77390163034129,0.03095436956998121,3
954,12.055255569732177,11.955281584427974,0.09997398530420298,4
955,11.755879486687116,11.701858731806292,0.05402075488082403,4
956,11.884495917930655,11.974255949826238,-0.08976003189558313,4
957,11.728044909070785,11.778848462197672,-0.05080355312688667,2
958,11.790564777297387,11.74927941812757,0.04128535916981768,3
959,12.128116509451258,12.17454586011823,-0.04642935066697085,2
960,11.951186847493476,12.056840223274287,-0.10565337578081113,1
961,11.665655135642039,11.66224356634714,0.003411569294899053,3
962,12.513561021741964,12.50442729321051,0.00913372853145411,3
963,11.951186847493476,11.979642751008555,-0.028455903515078873,0
964,12.384223015005313,12.551923031971192,-0.16770001696587933,2
965,12.277932735946903,12.315403621763338,-0.03747088581643432,3
966,12.094587859196112,12.053976643413202,0.04061121578290994,1
967,11.982935344196433,11.919823329057118,0.06311201513931408,2
968,11.813037464800539,11.83465370738674,-0.02161624258620165,2
969,10.542732775946709,11.080644002124362,-0.5379112261776537,3
970,11.849404844423074,11.73257873226894,0.11682611215413274,4
971,11.813037464800539,11.296831594635004,0.5162058701655354,4
972,12.06105265381003,12.063502027436446,-0.0024493736264155075,1
973,11.507922973347437,11.713977991932435,-0.20605501858499764,0
974,12.111767460549332,12.302897072644543,-0.19112961209521018,0
975,12.02874460037869,12.20087729120443,-0.17213269082573923,4
976,12.013706813470414,11.985134553660156,0.02857225981025735,4
977,11.356283350762888,11.36150522924315,-0.005221878480261566,4
978,12.20557752297723,12.219302230911683,-0.013724707934454017,4
979,11.608244735642321,11.546619475957678,0.06162525968464294,1
980,11.842236406331555,11.810118939334982,0.032117466996572475,3
981,12.091789104493502,12.157102060792129,-0.06531295629862655,0
982,12.724869415131389,12.649505230167092,0.07536418496429675,1
983,11.982278882874377,12.031781869076479,-0.049502986202101695,0
984,12.45254592991672,12.434850666632666,0.017695263284053908,4
985,11.744045122410057,11.73652406879243,0.00752105361762645,4
986,11.736077016252437,11.71551460364346,0.020562412608978065,0
987,11.669937760751914,11.754458635413329,-0.08452087466141478,4
988,12.887129532148373,12.942373754303038,-0.05524422215466451,4
989,12.180759965737863,12.138627992366466,0.04213197337139718,1
990,12.190964083849375,12.201506820258283,-0.010542736408908127,2
991,12.759960632315702,12.625133721216914,0.13482691109878786,4
992,12.031725210748633,12.161950163658899,-0.13022495291026637,2
993,12.138869243416009,12.149078125553178,-0.010208882137169084,4
994,12.066241450757124,12.053943224278148,0.012298226478975494,3
995,12.729323752253295,12.804165206495298,-0.07484145424200328,2
996,11.7085004721646,11.569294953991344,0.13920551817325588,0
997,11.824087219587643,11.849017651591003,-0.024930432003360536,0
998,12.128116509451258,11.9940402507066,0.134076258744658,2
999,11.418625774449596,11.393207728982926,0.02541804546667059,2
1000,12.235636302128867,12.143207687260874,0.09242861486799292,1
1001,11.314486721293981,11.244057591244335,0.07042913004964646,0
1002,11.362114203075018,11.320592963801026,0.041521239273992094,0
1003,12.354496960983985,12.39912528654752,-0.04462832556353469,4
1004,11.827049837927534,11.916889607591434,-0.08983976966390017,0
1005,12.10625783509458,12.147152257755856,-0.04089442266127641,4
1006,11.917730355182513,11.836112167843426,0.0816181873390871,0
1007,12.004574385508691,12.007079323866245,-0.002504938357553499,4
1008,11.385103457032141,11.4038348755507,-0.018731418518559195,1
1009,12.388398368982115,12.325242421535158,0.06315594744695652,3
1010,11.532737896139919,11.559931779901076,-0.027193883761157167,1
1011,11.813037464800539,11.735479403941437,0.07755806085910244,4
1012,11.51293546492023,11.54059243374277,-0.02765696882254076,4
1013,12.013706813470414,11.992149935944813,0.02155687752560098,3
1014,11.350418300109132,11.496703291197177,-0.14628499108804505,3
1015,11.688566422839942,11.71239688376846,-0.023830460928516928,4
1016,12.33270970174018,12.303121709220592,0.029587992519587658,2
1017,12.220966184120165,12.307849350409654,-0.08688316628948911,1
1018,12.141539457711714,12.140739891078294,0.0007995666334199569,3
1019,11.982935344196433,12.016659524297294,-0.033724180100861645,1
1020,12.271349956195543,12.199568346768455,0.071781609427088,2
1021,12.07824495582233,11.966371554331142,0.11187340149118796,0
1022,12.175618592671356,12.198762463631091,-0.02314387095973558,2
1023,11.373674891823535,11.650887598448456,-0.2772127066249208,3
1024,12.160033942617156,12.150740217415635,0.009293725201521497,3
1025,12.567240979056246,12.620302108344243,-0.05306112928799678,1
1026,11.630717389475995,11.74439084146473,-0.1136734519887348,2
1027,12.02874460037869,11.868097372945586,0.16064722743310433,2
1028,12.588194064175278,12.64316884604992,-0.05497478187464111,1
1029,11.561725152903833,11.730016855285566,-0.1682917023817332,1
1030,11.678448377988165,11.67645164828439,0.0019967297037748466,2
1031,11.982935344196433,11.819676267717437,0.16325907647899562,3
1032,12.190964083849375,12.205744355448898,-0.014780271599523331,3
1033,12.644330802262578,12.627546315630775,0.016784486631802764,0
1034,12.345838935721968,12.339096582540938,0.006742353181030225,1
1035,11.693169865968983,11.78905747336584,-0.09588760739685753,0
1036,11.338583982516495,11.285840745099922,0.05274323741657305,4
1037,12.66191713053049,12.735640083061286,-0.07372295253079564,3
1038,12.567240979056246,12.445868814598136,0.12137216445811028,1
1039,11.48247656671073,11.517798028962483,-0.03532146225175303,4
1040,11.289794413577894,11.243351470001036,0.0464429435768583,3
1041,11.951186847493476,11.929952775704677,0.02123407178879866,2
1042,12.06105265381003,12.021575915325567,0.039476738484463425,2
1043,12.185875040240456,12.208835791309319,-0.022960751068863416,1
1044,12.47717172708952,12.42726629981467,0.049905427274849146,2
1045,12.535379989788607,12.559238699900586,-0.02385871011197871,4
1046,11.846543632608535,11.674076342615354,0.17246728999318073,4
1047,13.229569788348705,13.003385661715685,0.22618412663302045,2
1048,11.884495917930655,11.856541788055265,0.02795412987538981,0
1049,11.652696102959753,11.762429364862147,-0.10973326190239341,3
1050,11.349241150793087,11.61917876424589,-0.269937613452802,4
1051,12.080996832096167,12.133513519618186,-0.05251668752201866,2
1052,12.206782393599413,12.151633520376079,0.055148873223334505,2
1053,12.013706813470414,11.983176045999315,0.03053076747109884,0
1054,11.881041706925902,11.825547743205751,0.05549396372015103,3
1055,12.449022745701502,12.464170761076398,-0.015148015374895962,0
1056,12.100717685412471,11.98954613746423,0.11117154794824202,3
1057,12.13270055639427,12.231170776735578,-0.09847022034130859,2
1058,12.421188057397055,12.394261565442736,0.02692649195431862,1
1059,12.721888795877375,12.764660699873104,-0.04277190399572994,3
1060,12.301387370778713,12.122708746657299,0.17867862412141378,4
1061,12.271396795480596,12.251866854611448,0.019529940869148277,2
1062,11.302216779257382,11.350072085712481,-0.04785530645509972,2
1063,11.407576060361786,11.767298181412615,-0.35972212105082946,2
1064,11.612779849672751,11.761973446184413,-0.14919359651166175,0
1065,11.944714374881176,11.917146856821804,0.02756751805937263,2
1066,12.700771936142122,12.56431978614976,0.13645214999236188,4
1067,12.08954444723597,12.07401791775123,0.015526529484739982,1
1068,12.031129798974042,12.040739089337988,-0.009609290363945533,0
1069,11.927687224983487,12.03590357895709,-0.10821635397360296,1
1070,11.813037464800539,11.754386523116345,0.058650941684193825,1
1071,11.813037464800539,11.768511598679638,0.04452586612090137,4
1072,11.944714374881176,11.96666483126035,-0.021950456379173033,3
1073,11.424105180165641,11.606085469794522,-0.18198028962888024,4
1074,11.979805470779858,11.929429712710528,0.0503757580693307,3
1075,12.175618592671356,12.107938049315765,0.06768054335559093,3
1076,12.299112067295642,12.175959788674898,0.12315227862074352,3
1077,12.04355959836804,11.993478710606077,0.050080887761962956,4
1078,11.840796531639839,11.833498012135905,0.007298519503933676,1
1079,11.956976469393481,11.876008562008662,0.08096790738481907,1
1080,11.744045122410057,11.808874828901862,-0.06482970649180508,3
1081,11.884495917930655,12.087895207746703,-0.2033992898160477,2
1082,11.798111925972618,11.78174206940857,0.016369856564047325,1
1083,12.165255859329688,12.174675147048365,-0.009419287718676728,4
1084,11.982935344196433,11.903966617986406,0.07896872621002693,3
1085,12.141539457711714,12.08814829009584,0.05339116761587448,4
1086,11.898194668458823,11.938400435878682,-0.040205767419859484,0
1087,11.332613886815139,11.415695144351945,-0.08308125753680606,3
1088,12.437188334739655,12.507971746972476,-0.07078341223282081,3
1089,11.83138646878959,11.80401113559396,0.027375333195630347,0
1090,12.190964083849375,12.252462147642117,-0.06149806379274203,4
1091,11.439289689006644,11.37471144292488,0.06457824608176388,4
1092,11.982935344196433,11.92968431723048,0.05325102696595252,4
1093,11.824087219587643,11.94031762350944,-0.11623040392179718,0
1094,11.891368749982085,11.948055248594603,-0.05668649861251751,1
1095,11.767575435251748,11.776414524365553,-0.008839089113804377,1
1096,12.080696479888447,12.076914878393977,0.003781601494470266,4
1097,11.751950239425476,11.663379187581656,0.08857105184381986,3
1098,12.04355959836804,11.99722035669972,0.04633924166831882,3
1099,11.759793355371237,11.60953583962773,0.15025751574350643,0
1100,11.964007453736912,11.969460071793918,-0.005452618057006475,0
1101,11.002116507732017,11.17001998322529,-0.16790347549327223,2
1102,11.691080018519527,11.692187623999127,-0.0011076054795999823,3
1103,11.813037464800539,11.793758784798653,0.019278680001885817,3
1104,11.979805470779858,11.881887859077063,0.09791761170279578,1
1105,11.571203807011969,11.612305194062182,-0.04110138705021349,4
1106,12.691583538230217,12.693908153850197,-0.002324615619979653,4
1107,12.100161978566867,12.150379345194034,-0.05021736662716769,4
1108,12.52352951631214,12.321708328121902,0.20182118819023742,1
1109,12.10625783509458,12.07585604954175,0.030401785552829352,1
1110,12.54254845357358,12.63733360397992,-0.09478515040633972,4
1111,12.144202560946876,12.099964790290924,0.04423777065595225,2
1112,12.230770136157428,12.160263851011884,0.07050628514554447,0
1113,11.774527900858468,11.68892740103009,0.08560049982837725,1
1114,11.80932691294063,11.794456617120959,0.014870295819671142,4
1115,11.669937760751914,11.646166650172816,0.023771110579097865,3
1116,12.669809806411457,12.692121474968477,-0.022311668557019715,0
1117,12.123239799036943,12.115868082645727,0.007371716391215699,0
1118,11.775297421715827,11.809676804522846,-0.034379382807019354,4
1119,11.849404844423074,11.832546981131776,0.016857863291297903,1
1120,11.803361242493628,11.71839017395764,0.08497106853598702,1
1121,11.681832447342321,11.611237693702602,0.07059475363971934,0
1122,12.268582547911404,12.259873741867512,0.00870880604389157,1
1123,11.626263078808801,11.332085196833413,0.2941778819753882,1
1124,11.678448377988165,11.479547518270659,0.19890085971750615,3
1125,12.007017865994577,12.006084303600858,0.0009335623937190007,0
1126,11.652696102959753,11.662409849891226,-0.009713746931472755,0
1127,12.066816325306588,12.18162731782743,-0.1148109925208427,1
1128,12.464587201678082,12.401990665746872,0.06259653593120973,2
1129,12.278397958261774,12.249617404659949,0.028780553601825076,4
1130,11.849404844423074,11.76613222963915,0.08327261478392423,3
1131,11.813037464800539,11.861414181535693,-0.04837671673515409,1
1132,11.445727410406752,11.608381526278606,-0.1626541158718542,4
1133,11.674202123168433,11.71235061312766,-0.038148489959226595,1
1134,12.386312871189734,12.390515571660032,-0.004202700470298026,3
1135,12.037659911047468,12.092320635646407,-0.054660724598939225,0
1136,11.532737896139919,11.5735961309503,-0.04085823481038098,1
1137,11.686887175419702,11.727737332095199,-0.04085015667549641,3
1138,11.451060699493427,11.411378272071238,0.03968242742218919,1
1139,12.185875040240456,12.23857230675431,-0.05269726651385476,4
1140,11.87757552297847,11.680667632798102,0.19690789018036803,0
1141,11.842236406331555,11.702349906104512,0.13988650022704263,0
1142,12.193498926601634,12.063597949989225,0.12990097661240974,2
1143,12.959540872420414,12.91851573883658,0.041025133583833195,0
1144,11.289794413577894,11.494099510027386,-0.20430509644949169,0
1145,11.289794413577894,11.431585073157642,-0.14179065957974757,3
1146,11.91170829631447,11.69262874870655,0.2190795476079206,2
1147,12.100717685412471,12.029148977103599,0.07156870830887208,4
1148,12.069685751267224,12.088645182748266,-0.018959431481041733,1
1149,11.669082701743504,11.698666140320102,-0.029583438576597842,3
1150,11.870606902224587,11.894745128583821,-0.02413822635923424,2
1151,11.728044909070785,11.714864385353287,0.013180523717498005,1
1152,11.917730355182513,11.94954391858917,-0.03181356340665609,1
1153,12.345838935721968,12.279459336044493,0.0663795996774752,3
1154,11.699413330633599,11.696348645017242,0.003064685616356755,4
1155,12.215037342290755,12.276608596949286,-0.061571254658531416,0
1156,12.292254928916668,12.185787395092197,0.10646753382447116,4
1157,12.100161978566867,12.045852109140284,0.054309869426582225,3
1158,12.345838935721968,12.230430206992617,0.11540872872935104,2
1159,12.367889578686164,12.354717438632038,0.013172140054125592,2
1160,12.128116509451258,12.158961670731708,-0.030845161280449673,2
1161,11.891368749982085,11.831443379497863,0.05992537048422264,4
1162,12.319405795112926,12.278910107299057,0.04049568781386981,3
1163,11.767575435251748,11.73687630514388,0.030699130107867845,4
1164,11.59873612138334,11.79345055189097,-0.1947144305076307,4
1165,12.175618592671356,12.151266881694443,0.024351710976912244,4
1166,12.359527368950229,12.394329436080724,-0.03480206713049583,0
1167,12.41044511731981,12.422542130950852,-0.012097013631041875,1
1168,12.06105265381003,12.182231537804935,-0.1211788839949044,3
1169,12.367345048436391,12.262165305318824,0.10517974311756717,0
1170,13.345508528717259,13.252014908795557,0.09349361992170202,2
1171,12.049424683420915,11.874319698609881,0.17510498481103376,0
1172,12.001511614739405,11.971077289482315,0.030434325257090222,3
1173,12.05467400868968,11.9677880220164,0.08688598667328051,0
1174,12.208574513247495,12.27552826259553,-0.06695374934803588,4
1175,12.384223015005313,12.363450551258335,0.02077246374697772,3
1176,12.560247968016562,12.662534078812655,-0.10228611079609351,0
1177,11.691080018519527,11.768853829762508,-0.07777381124298088,3
1178,11.652696102959753,11.581659279217634,0.07103682374211928,3
1179,11.950541482162043,11.782013674781785,0.16852780738025785,2
1180,11.440365524765756,11.444156935347758,-0.0037914105820018307,2
1181,12.429220196836383,12.478764514474616,-0.04954431763823308,4
1182,12.880294363972055,12.540540207616589,0.33975415635546646,2
1183,13.521140839642674,13.05245199805655,0.4686888415861237,0
1184,11.695255355062795,11.860645304625908,-0.1653899495631137,1
1185,12.137263685701864,12.14629008009821,-0.009026394396345339,1
1186,11.560772327227417,11.760087732885475,-0.1993154056580586,4
1187,11.461642696843066,11.60912139101498,-0.14747869417191417,4
1188,12.476103599529843,12.539784880582658,-0.06368128105281556,4
1189,12.180759965737863,12.136119980190289,0.04463998554757431,2
1190,12.149507585033072,12.161370046139071,-0.011862461105998534,0
1191,12.031725210748633,11.987767440840592,0.043957769908040234,3
1192,12.066816325306588,12.04845563945918,0.018360685847408575,1
1193,11.736077016252437,11.765724508726315,-0.029647492473877435,0
1194,12.013706813470414,11.99297736631957,0.020729447150843683,0
1195,11.970356641102999,11.870018180460434,0.1003384606425648,4
1196,12.07824495582233,11.996783477726314,0.08146147809601523,3
1197,12.29779001527865,12.30382723280545,-0.00603721752679931,2
1198,11.87757552297847,11.923767087104572,-0.04619156412610259,3
1199,12.08954444723597,12.070273126599762,0.01927132063620718,1
1200,11.904974309480183,11.812310346066864,0.09266396341331884,4
1201,11.6617850286409,11.524253875423618,0.1375311532172816,3
1202,12.19552218463499,12.18971806366814,0.005804120966850235,1
1203,11.669937760751914,11.86438738786671,-0.1944496271147962,0
1204,12.269052139516223,12.247385628335849,0.021666511180374215,1
1205,11.941462360646149,11.936146568032141,0.005315792614007719,1
1206,12.513193308436527,12.517951485078772,-0.004758176642244649,2
1207,11.580593459194764,11.635684964680847,-0.055091505486082326,2
1208,12.206077645517674,12.215887976768846,-0.009810331251172144,0
1209,11.849404844423074,11.85585840163105,-0.006453557207976246,2
1210,12.577639650232573,12.512193442074016,0.06544620815855673,0
1211,12.149507585033072,12.186543812737105,-0.03703622770403214,2
1212,12.00762780434872,12.291385122690563,-0.28375731834184315,2
1213,11.635151947212842,11.336251583297779,0.29890036391506314,1
1214,11.884495917930655,11.696015906522595,0.18848001140806048,3
1215,11.80932691294063,11.746631230310662,0.06269568262996827,0
1216,11.736077016252437,11.617908473781364,0.11816854247107322,3
1217,11.626263078808801,11.69764519799869,-0.07138211918988979,0
1218,12.343470927093518,12.393632627637013,-0.05016170054349445,4
1219,11.296024885689746,11.058332331490007,0.23769255419973945,2
1220,11.424105180165641,11.447124565562365,-0.02301938539672399,1
1221,11.652696102959753,11.653705490478785,-0.0010093875190317902,2
1222,11.80560254159177,11.701851428678989,0.10375111291278039,0
1223,11.870606902224587,11.925358574703338,-0.054751672478751345,4
1224,11.834291315386718,11.705367393677657,0.12892392170906142,3
1225,12.122696471358964,12.167424176072352,-0.04472770471338805,0
1226,11.884495917930655,11.844250772796862,0.040245145133793514,1
1227,12.273735966890268,12.24397278681619,0.02976318007407741,1
1228,11.898194668458823,11.835992312117027,0.06220235634179616,2
1229,12.813920618864572,12.785080544261225,0.028840074603346366,2
1230,11.751950239425476,11.845473293805071,-0.0935230543795953,2
1231,12.154784614286667,12.155365181210062,-0.0005805669233946986,0
1232,11.794345471549745,11.857908753296629,-0.06356328174688386,3
1233,11.530775206233024,11.558316962763483,-0.027541756530458983,2
1234,11.863589378812122,11.819053545885817,0.044535832926305474,2
1235,11.775297421715827,11.625678120911877,0.14961930080395014,1
1236,11.841423131921784,11.936158857760436,-0.09473572583865142,0
1237,12.075400019877522,12.028375291924371,0.0470247279531506,0
1238,12.180759965737863,12.284994830560441,-0.10423486482257793,3
1239,11.86710429621008,11.787155687218798,0.0799486089912822,4
1240,12.490879338036375,12.333348513203589,0.15753082483278646,3
1241,12.323415584358154,12.258344638021248,0.06507094633690613,3
1242,12.42250975887691,12.325085030090166,0.09742472878674313,3
1243,12.04355959836804,12.001023763280813,0.042535835087226914,4
1244,13.049794835104816,13.074973204974102,-0.025178369869285788,0
1245,12.345838935721968,12.141626583425941,0.20421235229602708,1
1246,12.08954444723597,12.121041846168918,-0.031497398932948784,4
1247,12.136191879981927,12.186676470100629,-0.05048459011870143,0
1248,12.042971193457888,11.870087815619558,0.17288337783833008,4
1249,11.771443882099637,11.856549502931111,-0.08510562083147377,3
1250,11.686887175419702,11.704989697707914,-0.01810252228821163,4
1251,12.404927602627597,12.421959076394202,-0.017031473766605743,3
1252,12.053801032483948,12.160520306721345,-0.10671927423739724,0
1253,11.775297421715827,11.741007792972567,0.03428962874325947,4
1254,12.591338447675579,12.495888216596773,0.09545023107880546,0
1255,12.016128107502665,12.11149054505582,-0.0953624375531561,0
1256,11.755879486687116,11.839575174566944,-0.08369568787982828,3
1257,12.616528611893463,12.691479337740219,-0.07495072584675633,4
1258,11.511934974596555,11.42205693935829,0.08987803523826443,2
1259,12.154784614286667,12.025383768013027,0.12940084627364,0
1260,11.92504173829169,11.932255434201045,-0.007213695909355167,3
1261,12.10625783509458,12.128530404084087,-0.022272568989507135,3
1262,11.766799946849087,11.725328488056084,0.04147145879300318,2
1263,11.992266613576142,11.968862115505821,0.0234044980703203,4
1264,12.103491596905931,12.004370522730136,0.09912107417579463,3
1265,12.10625783509458,11.932852168019382,0.17340566707519756,1
1266,12.12215284831553,12.069449509929566,0.05270333838596386,4
1267,11.711784520403112,11.81590174631195,-0.10411722590883699,1
1268,12.843973993864076,12.77188517437602,0.07208881948805512,2
1269,12.850557278777309,12.825271853715595,0.02528542506171405,1
1270,11.87757552297847,11.788348885870255,0.0892266371082151,0
1271,12.468440756144114,12.388718309823373,0.07972244632074066,3
1272,12.132162346145595,12.106806812875346,0.025355533270248642,4
1273,11.827743504053695,11.810870878488409,0.016872625565286015,0
1274,12.083910661257521,12.035933287490858,0.047977373766663334,1
1275,11.842236406331555,11.818502881285518,0.023733525046036874,0
1276,11.827743504053695,11.844165159031547,-0.01642165497785264,2
1277,11.995357787034976,11.997757584222878,-0.002399797187901953,4
1278,12.19552218463499,12.166392913689265,0.029129270945725594,0
1279,12.37581963951765,12.473583111486334,-0.09776347196868507,2
1280,11.133142723386813,11.430129741897886,-0.29698701851107323,3
1281,12.33270970174018,12.2706030818184,0.06210661992177968,0
1282,12.100717685412471,12.199709012497713,-0.09899132708524228,2
1283,11.921725007667265,11.893974929109776,0.027750078557488678,3
1284,11.842236406331555,11.864554183923474,-0.022317777591918997,4
1285,12.037659911047468,12.139578409076963,-0.10191849802949449,1
1286,11.794345471549745,11.783210534139151,0.011134937410593793,4
1287,11.870606902224587,11.95404042994895,-0.08343352772436319,2
1288,12.154784614286667,12.083133952262731,0.07165066202393611,4
1289,12.535379989788607,12.460940461573399,0.07443952821520838,2
1290,12.546113507028412,12.516967622461745,0.02914588456666678,1
1291,12.103491596905931,11.978402907813457,0.12508868909247362,3
1292,11.691080018519527,11.683775036898565,0.007304981620961826,2
1293,11.58525542883217,11.77841418387306,-0.19315875504089064,2
1294,12.000897933306716,12.069939522578453,-0.06904158927173754,0
1295,11.652696102959753,11.706407166848278,-0.053711063888524535,4
1296,11.83863282480007,11.838593363983462,3.946081660899381e-05,4
1297,11.951186847493476,11.962244212214422,-0.011057364720945984,4
1298,11.849404844423074,11.890894239479112,-0.04148939505603799,4
1300,11.944714374881176,11.948901466729213,-0.0041870918480366726,0
1301,12.323860125621126,12.295771588510918,0.028088537110207312,1
1302,12.086731521684555,12.034136891468513,0.05259463021604205,0
1303,12.577639650232573,12.63425663955166,-0.0566169893190871,4
1304,12.354496960983985,12.311874468663719,0.04262249232026605,4
1305,11.775297421715827,11.882278115094506,-0.10698069337867899,1
1306,12.691583538230217,12.664157553783193,0.027425984447024376,1
1307,12.218500103788143,12.19239879322835,0.02610131055979359,3
1308,11.835016210489899,11.844390789962667,-0.009374579472767763,1
1309,11.898194668458823,11.85051305554273,0.047681612916091964,0
1310,12.09626335986454,12.086205724302385,0.010057635562155554,3
1311,12.721888795877375,12.701370051156337,0.020518744721037763,3
1312,12.220966184120165,12.207869168612909,0.01309701550725606,4
1313,12.618185607609803,12.681256913385393,-0.0630713057755905,2
1314,12.716405147731708,12.670890991718316,0.04551415601339137,3
1315,11.686887175419702,11.68501978499166,0.0018673904280426257,4
1316,12.239995696974733,12.080229528846441,0.15976616812829114,0
1317,12.596403811053621,12.503333968248546,0.09306984280507535,4
1318,12.249615734512616,12.221966440464161,0.027649294048455175,0
1319,12.524530013005734,12.463883023139019,0.06064698986671502,0
1320,11.6172944892629,11.629356266868,-0.012061777605099522,3
1321,11.960817678718287,11.912277406743282,0.04854027197500521,0
1322,11.19135563385109,11.186652801026339,0.0047028328247513684,2
1323,12.154784614286667,12.343583722392209,-0.1887991081055418,1
1324,11.320565693461432,11.229594464041588,0.09097122941984459,0
1325,11.898194668458823,12.58677622102558,-0.6885815525667578,2
1326,10.915106645867503,11.156482753017698,-0.2413761071501952,3
1327,11.277215789596893,11.253520955427,0.023694834169893042,4
1328,11.779136168550774,11.771413363067074,0.007722805483700412,3
1329,12.45293662970407,12.173236360163465,0.279700269540605,3
1330,12.081081821061819,12.12868023257841,-0.047598411516592165,2
1331,12.33270970174018,12.384497811013405,-0.0517881092732253,4
1332,11.794345471549745,11.780740423000521,0.013605048549223397,1
1333,11.51293546492023,11.633592483663826,-0.12065701874359647,3
1334,11.74006900564972,11.793083152700554,-0.05301414705083296,0
1335,11.736077016252437,11.685279557779575,0.050797458472862544,3
1336,12.031129798974042,11.999223701834454,0.03190609713958814,2
1337,11.813037464800539,11.880266600681152,-0.06722913588061274,4
1338,10.868587496017359,10.998126292000316,-0.12953879598295792,0
1339,12.206077645517674,12.28441576010008,-0.07833811458240625,4
1340,11.763691965388299,11.755091002552556,0.008600962835743076,0
1341,11.719947764402807,11.619238794611896,0.1007089697909116,1
1342,11.951186847493476,11.998386973079059,-0.04720012558558295,2
1343,12.339295865674435,12.384787206212328,-0.045491340537893166,1
1344,12.083910661257521,12.07443682219086,0.009473839066661327,3
1345,11.95655945119582,12.096413792413065,-0.13985434121724438,3
1346,11.59451466851004,11.425586975187539,0.16892769332250168,2
1347,12.47801017053037,12.404526814106587,0.07348335642378245,2
1348,12.554840409959793,12.60410919142381,-0.0492687814640167,1
1349,12.278397958261774,12.392984883129355,-0.11458692486758082,4
1350,11.711784520403112,11.819066599673397,-0.10728207927028421,4
1351,12.206077645517674,12.094298616382117,0.11177902913555648,3
1352,12.049424683420915,12.009883492792682,0.039541190628233025,1
1353,11.812296455066814,11.780963379884023,0.0313330751827916,4
1354,12.923914877701906,12.902234583438625,0.02168029426328033,2
1355,12.367345048436391,12.352823561211784,0.014521487224607554,3
1356,12.04355959836804,12.138290761530532,-0.09473116316249275,3
1357,11.608244735642321,11.65907698488726,-0.05083224924493912,0
1358,11.917730355182513,11.968110783806544,-0.050380428624031026,4
1359,12.086731521684555,12.07951824091177,0.007213280772784714,0
1360,12.660331092405906,12.856097404397829,-0.19576631199192285,2
1361,12.149507585033072,12.132859495094205,0.016648089938867017,1
1362,12.468440756144114,12.442636465892328,0.0258042902517861,1
1363,11.560772327227417,11.756182186942247,-0.1954098597148306,0
1364,11.963574241653713,12.010470627386823,-0.046896385733109724,1
1365,11.878630514504515,11.84605456116997,0.032575953334545105,0
1366,12.283038316285214,12.246271265231263,0.036767051053951505,3
1367,12.170450649220749,12.236715195937599,-0.06626454671684989,1
1368,11.751950239425476,11.84054097899217,-0.08859073956669405,4
1369,11.87757552297847,11.870804490633477,0.006771032344992989,1
1370,12.354496960983985,12.479732166614646,-0.12523520563066093,3
1371,11.561725152903833,11.703849423669793,-0.1421242707659598,1
1372,12.016732516077072,12.02980533945255,-0.013072823375477327,3
1373,12.521981322562505,12.458089162837352,0.06389215972515316,0
1374,13.05301544288996,13.11183849241805,-0.058823049528090365,3
1375,12.429220196836383,12.424284894836898,0.004935301999484665,4
1376,12.384223015005313,12.439535019378498,-0.055312004373185175,3
1377,11.418625774449596,11.503489860273744,-0.0848640858241474,3
1378,11.669937760751914,11.815400158873727,-0.14546239812181305,4
1379,11.326607934898927,11.4713786212073,-0.1447706863083731,0
1380,12.02874460037869,11.92366340380972,0.10508119656897108,4
1381,10.97679912709094,11.303551852635767,-0.3267527255448268,2
1382,12.377927112974284,12.206962001119903,0.17096511185438068,3
1383,11.964007453736912,11.982357231232536,-0.018349777495624053,0
1384,11.626263078808801,11.902507585594966,-0.2762445067861652,4
1385,11.561725152903833,11.639695049846916,-0.07796989694308287,4
1386,11.74006900564972,11.6383452222019,0.10172378344782018,2
1387,12.429220196836383,12.554922641143143,-0.1257024443067607,1
1388,11.820417517632333,11.92717566172873,-0.10675814409639806,1
1389,12.84132849667433,12.741660326457126,0.09966817021720509,4
1390,11.782960235741939,11.81842091087736,-0.03546067513542184,4
1391,12.367345048436391,12.301955558628396,0.06538948980799475,1
1392,11.728044909070785,11.791312339315727,-0.06326743024494164,1
1393,11.719947764402807,11.78288047890384,-0.06293271450103255,2
1394,12.001511614739405,11.894337421139065,0.10717419360033986,1
1395,12.415437707935368,12.309442932931413,0.10599477500395516,4
1396,12.546871224308068,12.592878273424851,-0.046007049116782994,0
1397,11.982935344196433,12.02104456887416,-0.03810922467772748,3
1398,11.83138646878959,11.870657284343332,-0.03927081555374201,0
1399,11.835016210489899,11.866712691055028,-0.03169648056512919,3
1400,11.831022768939789,11.937777176943847,-0.10675440800405767,4
1401,11.695255355062795,11.746422829932662,-0.05116747486986739,1
1402,12.170450649220749,12.122807247544545,0.04764340167620418,2
1403,12.174994689959313,12.12187549321808,0.05311919674123189,0
1404,12.552930054797935,12.405015468014408,0.14791458678352676,4
1405,11.561725152903833,11.45590559547117,0.10581955743266214,3
1406,12.524530013005734,12.481353598754511,0.04317641425122254,2
1407,11.798111925972618,11.787436843988134,0.01067508198448408,3
1408,11.626263078808801,11.629063226828757,-0.0028001480199559836,2
1409,11.74006900564972,11.629461890060934,0.11060711558878644,2
1410,12.278397958261774,12.256594296408911,0.021803661852862533,3
1411,12.345838935721968,12.299238905990345,0.04660002973162314,4
1412,11.849404844423074,11.937419198452632,-0.08801435402955882,2
1413,11.407576060361786,11.502660262875649,-0.0950842025138634,3
1414,12.456835254920371,12.41343200931711,0.04340324560326003,1
1415,12.240478903153711,12.157304534455696,0.08317436869801575,2
1416,12.077676615757813,12.277426693069671,-0.19975007731185812,0
1417,11.715874472198905,11.747508247788138,-0.03163377558923308,3
1418,12.73670383776449,12.694902832136059,0.04180100562843059,1
1419,11.728044909070785,11.808141456515763,-0.08009654744497752,1
1420,12.314931534737134,12.377490456326068,-0.06255892158893417,0
1421,12.100161978566867,12.023848184213636,0.07631379435323105,3
1422,11.755879486687116,11.81481819003987,-0.058938703352755084,4
1423,11.824087219587643,11.861949349009656,-0.03786212942201317,1
1424,12.524420916542532,12.16364656992661,0.360774346615921,4
1425,11.87757552297847,11.82578938348596,0.051786139492509875,0
1426,11.863589378812122,11.901446860897249,-0.03785748208512629,0
1427,12.509877789891931,12.480274496478328,0.02960329341360257,2
1428,11.849404844423074,11.839521150862685,0.009883693560388096,2
1429,11.686887175419702,11.658873140282564,0.028014035137138293,3
1430,12.116700301832573,12.174288316991904,-0.05758801515933065,2
1431,12.165984756488543,12.079798924807799,0.08618583168074423,4
1432,11.87583791515714,11.8016422029016,0.07419571225553945,0
1433,11.07443600653965,11.603785069743223,-0.5293490632035738,0
1434,12.136191879981927,12.133249859022035,0.0029420209598924885,1
1435,11.982935344196433,11.983346561086297,-0.00041121688986400784,1
1436,12.066816325306588,12.034985403770317,0.03183092153627065,3
1437,11.699413330633599,11.668949343524451,0.03046398710914744,3
1438,12.885673487343764,12.900993173284515,-0.015319685940751171,4
1439,11.916395250412128,11.877316377653559,0.03907887275856936,0
1440,12.190964083849375,12.119242726145266,0.07172135770410826,3
1441,12.160033942617156,12.259198180194367,-0.09916423757721127,0
1442,11.913719681428494,11.870228210252359,0.04349147117613583,4
1443,12.644330802262578,12.75068878276102,-0.10635798049844247,3
1444,11.703554089007538,11.556416109880896,0.14713797912664184,0
1445,12.098493002763465,12.146209210380235,-0.047716207616769424,2
1446,11.767575435251748,11.684200330603451,0.08337510464829734,1
1447,11.969723533345908,11.90075255926316,0.06897097408274888,4
1448,12.388398368982115,12.474747232728168,-0.08634886374605344,0
1449,11.626263078808801,11.600933992117016,0.025329086691785463,1
1450,11.429554725537322,11.506802098723277,-0.07724737318595487,4
1451,11.820417517632333,11.82418263693224,-0.003765119299908193,2
1452,12.567554517655415,12.449383401422182,0.11817111623323306,4
1453,11.884495917930655,11.759353673963943,0.12514224396671203,0
1454,11.344518647594766,11.6872657415746,-0.3427470939798347,1
1455,12.128116509451258,12.13868595792039,-0.010569448469132325,2
1456,12.07254696717504,12.067818747240766,0.004728219934273525,2
1457,12.25486757159303,12.203541856167522,0.05132571542550757,3
1458,12.493133274926212,12.527161636657448,-0.034028361731236245,0
1459,11.864469267087891,11.859940892444857,0.0045283746430335725,3
1460,11.901590234400047,11.933940151450647,-0.03234991705060075,4
