Id,pred_log
1,12.192893195686265
2,12.084992637675725
3,12.229476298070331
4,12.099779934333762
5,12.540988444790592
6,11.871825384402133
7,12.415867846598667
8,12.296167125521233
9,12.014632914957993
10,11.735564315449137
11,11.748966990201193
12,12.678947572082695
13,11.731612249040763
14,12.230926604173693
15,11.925272037837695
16,11.834443935980772
17,11.91634609800371
18,11.632447375089898
19,11.937668866361298
20,11.789542249473282
21,12.566574535077642
22,11.811686586393119
23,12.382309338276842
24,11.816163800216492
25,11.86674049295614
26,12.420681667705566
27,11.792009121709938
28,12.492977751802787
29,11.962480138537332
30,11.423508635727043
31,11.55182493948265
32,11.832798986855945
33,12.170145422781163
34,11.969155859878825
35,12.487615684180415
36,12.5648984225347
37,11.868093358929974
38,11.875825613964713
39,11.837912683998393
40,11.476368501296035
41,11.92617835546137
42,11.954274818187642
43,11.849036438673032
44,11.796590366945653
45,11.815431785486483
46,12.566243862464434
47,12.312115884477182
48,12.395484705943307
49,11.62211282275932
50,11.772411362368953
51,12.006758765396341
52,11.746890050069233
53,11.700035376663859
54,12.555148288300494
55,11.72363989446486
56,12.010973515952424
57,12.266603665555472
58,12.168990286102972
59,12.872312013036794
60,11.719739937383551
61,12.02220965816325
62,11.631777017011386
63,12.28912168223913
64,11.965428988216514
65,12.281769604744126
66,12.5346077360678
67,12.390311515517809
68,12.224003159859768
69,11.550603599686958
70,12.250951387053055
71,12.42157877765777
72,11.70308332860656
73,12.135096025718681
74,11.861177046829578
75,11.644863023943369
76,11.551220626605938
77,11.668357296066613
78,11.723251587366795
79,11.833733359473696
80,11.683332584956116
81,12.103708546452834
82,12.0128088143144
83,12.36169338924315
84,11.778807379862423
85,12.0143003196259
86,12.513293170564575
87,12.02474167110714
88,11.954851898461849
89,11.374493402777905
90,11.700113831864591
91,11.52120406273324
92,11.76283299532326
93,11.797875270043868
94,12.114333622909538
95,12.119080509666501
96,12.039563814446957
97,12.219547181847108
98,11.655614928532145
99,11.537630444598356
100,11.693263337874859
101,12.223264094076235
102,12.04706525139646
103,11.77036999902251
104,12.132861344606686
105,11.957978742059508
106,12.348085714150486
107,11.55498783061295
108,11.612752997096244
109,11.73342099483628
110,12.21037737640821
111,11.932619593440439
112,11.987142164538897
113,12.49299035770958
114,12.298881584550298
115,12.235562253431059
116,11.978738900644966
117,11.743150072228113
118,11.847205647969625
119,12.627715649196247
120,12.025751684178292
121,11.926822638738722
122,11.563842690435655
123,11.843626495958421
124,11.99798431937617
125,12.083864340431301
126,11.657924867810909
127,11.858555644990009
128,11.604604837162624
129,11.856820087220882
130,11.89404980280441
131,12.206742641387514
132,12.18370534607601
133,11.909760371556544
134,12.2589327616461
135,12.007203422085183
136,12.187667985855734
137,11.821488330206645
138,12.368207248508792
139,12.326244146012897
140,12.134266118272595
141,11.56144704756932
142,12.323291101209222
143,11.797359284323868
144,12.222572408894715
145,12.031006755923089
146,12.010680886085119
147,11.677511527814165
148,12.21306057828702
149,11.96977957855735
150,11.675978722176142
151,11.81924688336414
152,12.499791133473362
153,12.092795488960544
154,12.107443775757744
155,11.798500012525889
156,11.645571814522844
157,11.658293929994455
158,12.384682827140518
159,12.245075348779135
160,12.421130656891187
161,12.020310326323777
162,12.780924480872399
163,12.284873466333023
164,11.565763748951817
165,11.980924333756061
166,11.783548215925121
167,12.045255898329835
168,12.576730958663072
169,12.146796631117642
170,12.382631838507283
171,11.730043621031065
172,12.013088570073148
173,12.280515409113718
174,11.992676404922335
175,12.197563322613979
176,12.196370497568447
177,12.194688240653536
178,11.990031072702202
179,12.806217450054966
180,11.719882961151637
181,12.02561507889003
182,12.012682436160445
183,11.655740104369608
184,12.279408310322571
185,11.727296238289487
186,12.771969045669044
187,12.07682010740637
188,11.81974640795919
189,11.907355937908852
190,12.37217037452508
191,12.446124768643275
192,12.125774928391042
193,12.208599438720134
194,12.085990074089155
195,11.753251182024272
196,11.95003660645375
197,12.396319607567484
198,12.464082639442976
199,11.81405868839244
200,12.523732943016832
201,11.770580649985853
202,11.992020582879835
203,11.801843198034085
204,11.893999789708172
205,11.743545995865533
206,12.122371475597262
207,11.860879755571284
208,11.714350170543716
209,12.268848691968934
210,11.934987392752271
211,11.62271145148016
212,11.99101587203726
213,12.249815669083276
214,11.83718744924326
215,11.915821906916026
216,11.828173838381584
217,12.199731437183111
218,11.585742486330867
219,12.210341883563318
220,12.09151684816122
221,12.198782104681015
222,12.179776847785098
223,12.050467254173714
224,11.66769793188876
225,12.936770622997564
226,11.70893962397776
227,12.454380923946893
228,11.696686674261663
229,11.674613055773886
230,12.168939371708518
231,11.897836285126518
232,12.73101001490029
233,11.674878403358786
234,11.784995251567345
235,12.147447507160065
236,11.611890336339638
237,12.161370203741805
238,12.20011593234722
239,12.450617006455833
240,11.794465359576991
241,12.349792445525537
242,11.679994164795877
243,11.623962321859906
244,11.85685983446838
245,12.26693986342224
246,12.311385090765933
247,11.97693445408057
248,11.933737919104075
249,12.150972196081575
250,12.323106895615844
251,11.392141630041309
252,12.375335353802281
253,12.046789022001837
254,12.008956106894093
255,11.856194859134394
256,12.27371873429258
257,12.089241979993652
258,12.298287215214742
259,12.19934425032239
260,11.554423570788664
261,12.005499869312196
262,12.580322099111974
263,11.878906196314626
264,11.78769402951794
265,11.627815299916344
266,12.107162947815464
267,12.040666257534916
268,11.964075184935094
269,11.64324362429438
270,11.934117250534925
271,12.38795348932048
272,12.169160853108233
273,12.562116349840108
274,12.049420250879617
275,11.712576345401583
276,12.073718557209505
277,12.171622546209878
278,11.664198453940035
279,12.74744676756356
280,12.242110058068295
281,12.222637780190555
282,12.041640101028147
283,12.232181786819178
284,12.3111388273142
285,12.149807791396046
286,12.03498284708403
287,12.039952580364059
288,11.532287352102138
289,11.659861537512185
290,11.790919853565745
291,12.339105801456062
292,11.807256763690562
293,11.78271281211047
294,12.33631116221602
295,12.027996184939667
296,11.901907861979385
297,11.776909660461985
298,12.222644322124673
299,12.05062223465043
300,11.980991464489453
301,11.873689387753423
302,12.414690693283141
303,12.26093562217703
304,11.835719848129639
305,12.597688962026366
306,12.543522275988986
307,12.307053253588652
308,11.701051746549972
309,11.593910226887832
310,12.675568359585105
311,12.003430513884258
312,11.827620073926575
313,11.796212667856205
314,12.469966075777847
315,12.052440489039451
316,12.104234825790655
317,12.37628108535619
318,12.377841769993747
319,12.550755244350945
320,12.195668759604274
321,12.698609448792622
322,12.581638528379065
323,12.464969306758096
324,11.690860836766301
325,12.360801194887463
326,11.62692760585268
327,12.410073065549533
328,11.927219888713065
329,12.025437995897324
330,11.599547563867276
331,11.970916152061207
332,11.786022283640946
333,12.708927319559121
334,12.248709023256579
335,12.095830953992163
336,12.189914920937376
337,12.657292253608519
338,12.235362234634483
339,12.24884279123448
340,11.890555961825807
341,12.31906348977656
342,11.562378283981527
343,11.482095199618726
344,12.4953609437337
345,11.599464891520302
346,11.812580261803312
347,11.84862646479039
348,12.067214133485924
349,12.203906061263554
350,12.857932182463067
351,12.57092593864878
352,12.193922128302422
353,11.674440296086345
354,11.731793267244395
355,11.877748528524922
356,12.0464858477703
357,12.03526330681352
358,11.81390924989857
359,11.85197413416778
360,12.432454841046876
361,11.874271262343417
362,11.78259644528593
363,12.04589088639457
364,11.75318547365128
365,12.0547831707701
366,11.72013127282506
367,12.007142640603494
368,11.894968448927266
369,11.812090666895402
370,11.939678539084923
371,12.048121302066031
372,11.76450785367219
373,11.770202758347938
374,11.773516884750213
375,12.194658112841028
376,11.198655638031582
377,11.771469972512222
378,12.538936797551187
379,12.535314408169532
380,12.07510328600787
381,11.891760223599896
382,12.179872107248105
383,12.192792116250825
384,11.675962076971233
385,12.312822626324365
386,12.168812660063026
387,11.52695799223554
388,11.866196717307428
389,12.185129371020931
390,12.846373727910061
391,11.79434335121906
392,12.129668150850733
393,11.602240596706798
394,11.503680276777203
395,11.672105875653605
396,11.797439204933468
397,11.754275771171685
398,11.867827901907917
399,11.595228150335052
400,12.181135125940724
401,12.232255582019718
402,12.116913465280241
403,11.644788921817195
404,12.466382144438587
405,12.017904219522801
406,11.860357739849604
407,11.82883813766841
408,11.966794202803833
409,12.387386180115955
410,12.461792336177664
411,11.721670476435175
412,11.836622365162537
413,12.250851916761137
414,11.733119363314668
415,12.299997381904566
416,12.121338197881407
417,11.907116007305046
418,12.321810065709357
419,11.723066439677222
420,11.796819209994435
421,12.22621246383559
422,12.21409692267579
423,11.756191577701252
424,12.661626123103122
425,11.887150260082082
426,11.907464788995199
427,12.271725797623851
428,11.640588837511142
429,12.135373667385771
430,12.156135481308317
431,11.667087280498
432,11.765888257046923
433,11.788537666278906
434,12.038572842008902
435,11.518210192469388
436,12.20391062843088
437,11.792569350137393
438,11.72755518265011
439,11.61353488484902
440,11.865200891194263
441,13.086210028920224
442,11.68686840424082
443,11.887112098585245
444,12.16504910326563
445,12.229300542224426
446,11.99637671611529
447,12.181704608720906
448,12.193352685214045
449,11.836871874167304
450,11.589662729743342
451,11.758254168549506
452,12.287143020574039
453,12.140217176981619
454,12.206507007151199
455,12.086859282048938
456,12.064391405643438
457,11.72281375763005
458,11.986120638815859
459,12.034796077161053
460,11.699745002087072
461,12.320279076665722
462,12.012173139675767
463,11.650145771057192
464,11.954389106600818
465,11.760859100651622
466,12.154955273231105
467,12.030246269287133
468,11.86900511067384
469,12.43962697413287
470,12.052048027975133
471,12.301059399080703
472,12.197370847336623
473,11.818870805254607
474,12.605116584738514
475,12.377680239698279
476,11.787673289595986
477,12.150158428752407
478,12.858666511002095
479,12.43843273741425
480,11.715302933607529
481,12.64714808529258
482,12.647786172835035
483,12.116801651140335
484,11.982970230082563
485,11.798945875078287
486,11.814025015818174
487,11.877050750181866
488,12.013857743430169
489,11.917686797817362
490,11.613672024373132
491,11.666805165538307
492,11.897247060607166
493,11.998200059699677
494,11.830318067031625
495,11.61136945581783
496,11.448834846278528
497,13.030986905896807
498,12.063346341795103
499,11.745843930235358
500,11.75034865480549
501,11.74131508481273
502,12.182814337488129
503,11.87681934730664
504,12.320453162642814
505,11.914341805603325
506,11.905772002209808
507,12.254492472331899
508,12.03386544575763
509,12.026097581727822
510,11.77914896961601
511,11.873125211916228
512,12.220865269662784
513,11.741634605331882
514,11.881719952596839
515,11.633822660888903
516,12.833592655834389
517,12.108925814344957
518,12.460611841372351
519,12.08853555780032
520,12.249707571349145
521,11.552679867536934
522,11.909391423494752
523,11.973589112807852
525,12.504464524241337
526,12.109530512286584
527,11.74616939764824
528,12.798980222945337
529,11.503610211044641
530,12.370270500172651
531,12.180938142123498
532,11.875545448930586
533,11.585357247298063
534,11.101526783521438
535,12.15956220810375
536,11.76919804135466
537,12.154645332872501
538,11.64608058085383
539,11.763831466032592
540,12.349792126744251
541,12.632244085795037
542,12.479924195308449
543,12.303140529610054
544,11.829279484259025
545,12.135676483380706
546,12.337446715041269
547,11.956210548843213
548,11.76654823279091
549,11.776404054815519
550,12.253288591223509
551,11.894286044531361
552,11.681667740598886
553,12.46792068804393
554,11.6081747973214
555,12.373870402340696
556,11.680124724400216
557,11.784031207573692
558,11.645833923419586
559,12.102498022834641
560,12.174714800893332
561,11.945399528417987
562,11.914221131017714
563,11.707250286120253
564,11.995397584671572
565,12.43030646561774
566,11.836811333088738
567,12.607527294591591
568,12.262943822526475
569,12.45976079298505
570,11.796457478656183
571,12.00966970370645
572,11.815139763545346
573,12.203209774135008
574,12.017003911010399
575,11.728354221129848
576,11.709033420252878
577,11.989631776802637
578,11.893157879824377
579,12.043091737119866
580,11.868721611494092
581,11.998973742959747
582,12.652001104747377
583,11.72979999641066
584,12.727828364756892
585,11.730629727083185
586,12.564316273847878
587,11.718733472215966
588,11.764728123031002
589,12.148326780209054
590,11.617013467364886
591,12.116343390356718
592,12.83799959964773
593,11.832726152646526
594,11.872553262776192
595,11.747802767868205
596,12.521268032937966
597,11.789505846423605
598,12.184802059517391
599,12.117082054634874
600,11.987982359038195
601,12.445948503496279
602,11.836380928537087
603,12.299374988398107
604,12.004117892296343
605,12.244480638512275
606,12.130621419279692
607,11.88183926078966
608,12.071555194306304
609,12.474918579549335
610,11.664646242797964
611,12.606150860500183
612,11.97330815962897
613,12.398291313641922
614,11.752721886229672
615,11.472010948007185
616,11.923848604697362
617,12.060555337975575
618,11.797414343393836
619,12.598435137403392
620,12.567690952419815
621,11.42892637085276
622,12.341227306662658
623,11.752387479220328
624,12.013463314191306
625,12.05921568067941
626,11.901146991044197
627,11.795970781442943
628,11.965520854023724
629,11.99288368994118
630,11.977921528772267
631,11.783170413894979
632,12.354409463242835
633,12.133993812019412
634,11.79614336901784
635,11.87575665730387
636,12.191020943987722
637,11.23602616326833
638,11.773268290364982
639,11.574652592869064
640,12.402888739618533
641,12.340335695970042
642,12.274254675265794
643,12.64178842972946
644,11.934154963712789
645,12.572411675596513
646,11.884193138040523
647,11.601291921978703
648,11.815865668888925
649,11.949050860016802
650,11.480125292523311
651,12.177318425354395
652,11.710495347209923
653,12.154421371530065
654,11.806826859828869
655,12.689899836421219
656,11.684491399922663
657,11.86600551391909
658,11.980450191421165
659,11.869627097498729
660,11.967824085664175
661,12.20737019585794
662,12.73173198426544
663,11.965437081877806
664,11.793371206001453
665,12.59126570432399
666,12.365272784536574
667,12.15187090490035
668,12.15383544259037
669,11.93225087283447
670,11.6213594943495
671,12.070128369496066
672,11.845802057331031
673,12.035002836779057
674,12.221942464719902
675,11.908911739858091
676,11.949467252051502
677,11.785078590354408
678,11.674460867799008
679,12.585801938970523
680,11.781464268912588
681,11.830931115320265
682,11.736451904295773
683,12.036586246613524
684,12.508605034345702
685,12.302018717052366
686,12.314842395200706
687,12.222294681640793
688,11.987534378513892
689,12.350501158785228
690,12.144187626730723
691,11.900924173890553
692,13.454330667036627
693,12.446050097228046
694,11.708379488543562
695,11.81871935012989
696,12.088756292097521
697,11.562870414210348
698,11.764851083445459
699,11.795372099337072
700,12.14159088640734
701,12.495109885201074
702,12.016301165112143
703,12.566527775106035
704,11.901545447177444
705,12.220583418486381
706,11.432136676273235
707,12.371086534799291
708,12.30029612433727
709,12.083199217846396
710,11.71967865989582
711,11.377188502686442
712,11.618402181687767
713,12.223316504931313
714,11.677838220075614
715,12.032170141742043
716,11.985500616967451
717,12.154990546590867
718,11.925064757960435
719,12.517337936453002
720,11.787064642539843
721,12.411120871107428
722,11.879502933210691
723,11.696569767987226
724,11.767815789925985
725,12.512859450698155
726,11.680023592426364
727,12.205195011658233
728,12.140368461571208
729,12.09218340671276
730,11.572776087754198
731,12.371347509710773
732,12.10754943371545
733,12.270357510910447
734,11.77305767592366
735,11.686910028914205
736,12.030713666316428
737,11.498979799969055
738,12.30441759921592
739,11.952203826049601
740,12.158610474104975
741,11.741297039563545
742,11.887219842099071
743,12.098940326282147
744,11.84860530942968
745,12.264456409143355
746,12.637261267271395
747,12.262825705796033
748,12.305652976704753
749,12.383062763210479
750,11.543188211383741
751,11.573219420689437
752,12.032892445458632
753,12.139329526601404
754,12.455104578355103
755,11.96979915037786
756,11.976069084562438
757,12.266532097651556
758,11.915746662157893
759,12.04375010253894
760,12.586853839788489
761,11.746576972081144
762,11.723628498154747
763,12.123391247789517
764,12.587225339676074
765,12.299235349470733
766,12.393907345653274
767,12.155214254616748
768,12.038687446183584
769,12.315893599694117
770,12.865036405129775
771,11.742282122716949
772,11.651504628014242
773,11.892014271795041
774,11.67525919321203
775,12.558423444237867
776,11.993885351348391
777,12.270524930228438
778,11.748739361751188
779,11.866332792001213
780,11.881998232357649
781,12.055230970234623
782,12.027490268493683
783,12.173765150817008
784,11.898496490913029
785,11.80180055477053
786,12.019551361016227
787,11.83951533382628
788,12.266470846936123
789,11.634590535515908
790,12.204824251362988
791,12.082619292789907
792,11.89282337438964
793,12.355074896794484
794,12.287456763819591
795,12.159195265287133
796,11.992204096119503
797,11.840588985557414
798,11.613293921713522
799,12.941708687603468
800,11.924848503480579
801,12.108655735731162
802,11.737944011516174
803,12.129386445052514
804,12.874573969915602
805,11.715285905806972
806,12.194034900789502
807,11.755713080634584
808,11.980535062656461
809,11.818001782159588
810,11.86961071201397
811,12.045018563164206
812,11.893999789708172
813,11.64802010343048
814,11.954649983966094
815,11.720824570945524
816,12.250352648731754
817,11.730207100070933
818,12.388907774491003
819,11.976390003016245
820,12.248193326040141
821,12.132035732422484
822,11.587871666673013
823,12.147791153354877
824,11.920812814120755
825,12.31259503376837
826,12.86762645564372
827,11.62231223819086
828,12.17131429686695
829,12.08314044120712
830,11.990655561002587
831,12.008593707405751
832,12.003711706895787
833,12.257422901718291
834,12.021634543064664
835,11.844207836924415
836,11.762656554826737
837,11.969009841454492
838,11.705090360745661
839,11.881005634951823
840,11.712252466204603
841,11.868193296167568
842,11.882836008958385
843,11.97614226681133
844,11.917301561902343
845,11.880804449233514
846,12.006851701777334
847,12.173290457873547
848,11.774319711491115
849,12.242365992191656
850,12.072855228858332
851,11.880527209112834
852,12.232607274312286
853,12.01361390221875
854,11.973367533744309
855,12.006999052851388
856,11.838475448523287
857,11.937127850006195
858,11.967401274647163
859,12.078663706721784
860,12.343100683319634
861,12.020892918783808
862,11.78004586137677
863,11.925583889042121
864,11.794401017901428
865,12.152658290085004
866,11.823350780284123
867,12.408410106151596
868,11.710751897112749
869,11.907563638269462
870,12.250551621357591
871,11.66034779562318
872,12.056010011694525
873,11.670903955462913
874,11.750401263175366
875,11.68295084290932
876,12.502402716630263
877,11.746067428943185
878,12.681494474017063
879,11.8842174705295
880,11.828229696212114
881,11.855143919789676
882,12.224088756016219
883,12.015145270485808
884,11.750926301254353
885,11.672702576025854
886,12.462941687097201
887,11.990123715150167
888,11.804228141191231
889,12.563301255633466
890,11.996254356386503
891,11.730095509821341
892,11.987882581066462
893,11.880441249243422
894,11.851494701706699
895,11.77004252558148
896,11.991839358719899
897,11.598515080883136
898,11.90179577802553
899,12.849490753624885
900,11.789978032606431
901,11.628316425724952
902,11.858545977300281
903,12.101249549058842
904,12.296007860261767
905,11.686686122812542
906,11.752136436837088
907,12.423784525131365
908,12.148239187735385
909,11.763557380744823
910,12.019997077725513
911,12.018148231447622
912,11.917905873395355
913,11.672419393221293
914,12.032256642446972
915,11.949481418397616
916,11.561124905124537
917,11.302871364424913
918,11.710023151365155
919,12.341325899153182
920,12.045048110051642
921,12.085686330734642
922,12.031670749784055
923,12.057705885995972
924,12.174781413657193
925,12.205473411299057
926,11.991953916411315
927,12.524476133269518
928,12.153099651803792
929,12.40021353239338
930,12.263804389361628
931,12.319221409294965
932,11.730972400252465
933,12.580765581301005
934,12.201331428921373
935,12.230000594609539
936,11.539479350892279
937,12.113671463758088
938,12.266811235005562
939,12.333377033195358
940,12.245960547049862
941,12.108745480137742
942,12.266883931870419
943,11.791830087671825
944,11.968805041427096
945,11.977426276633347
946,11.821093255803081
947,11.846412499278347
948,12.443067656716783
949,12.18930020899205
950,12.09338046227629
951,11.81860707967575
952,11.74601816519854
953,11.775163406007026
954,11.9422571259642
955,11.801141113462574
956,12.04509150676327
957,11.811610837060856
958,11.741253277116094
959,12.168917933679387
960,12.09283608138464
961,11.689871063823983
962,12.410919282328278
963,12.022280605457828
964,12.510151959970894
965,12.258513519296276
966,12.023693606945201
967,11.848142810196133
968,11.810946565115792
969,11.443133453861956
970,11.779939138109116
971,11.58154376966667
972,12.143219520846916
973,11.83020397024874
974,12.174370583868471
975,12.074718583923994
976,12.092544668329644
977,11.475102910621352
978,12.124551410666946
979,11.618224793829507
980,11.835051191841579
981,12.068152736047114
982,12.621958753917207
983,12.098533824065003
984,12.41893584257944
985,11.833993174929464
986,11.768346061194158
987,11.84622852119152
988,12.696845071225443
989,12.14936669911499
990,12.131078129344221
991,12.612597043631304
992,12.18860844387144
993,12.107627645269282
994,12.031345355664408
995,12.706284952785785
996,11.698281090631415
997,11.79450121131901
998,12.079415488421143
999,11.473256116766636
1000,12.131927644451952
1001,11.369105927267462
1002,11.626608669294768
1003,12.366254796366139
1004,12.068889881385456
1005,12.183259763079732
1006,11.851562813344927
1007,12.066309369072362
1008,11.52241584177716
1009,12.244366927960886
1010,11.704828206930443
1011,11.748552826665609
1012,11.684803309074315
1013,11.92541678645635
1014,11.664902668358039
1015,11.79580224259077
1016,12.28350065779792
1017,12.2284883372336
1018,12.208688287435736
1019,12.014174009333235
1020,12.167027034618418
1021,11.809911421498011
1022,12.134048438993545
1023,11.690380622172055
1024,12.174567129975992
1025,12.640069949666664
1026,11.790854975216318
1027,11.860316242553836
1028,12.44520032732952
1029,11.761612536199474
1030,11.796659170130315
1031,11.873894009387012
1032,12.25058510986253
1033,12.670142321202981
1034,12.329270354196058
1035,11.724944431546906
1036,11.40001259708723
1037,12.552582823233465
1038,12.391124873591922
1039,11.57749626458541
1040,11.465095284357314
1041,11.950830525287042
1042,12.075140396572573
1043,12.156118482177995
1044,12.391903603647389
1045,12.681391186487506
1046,11.626180251044987
1047,12.872110362973364
1048,11.820850626000725
1049,11.738879480278069
1050,11.564909259907155
1051,12.127382719042707
1052,12.13644945256081
1053,12.039363603729308
1054,11.841495766904249
1055,12.369575743923237
1056,12.062082632711515
1057,12.250506990488596
1058,12.31978186654062
1059,12.63508245603916
1060,12.060739619928142
1061,12.27753968253839
1062,11.57213720353007
1063,11.900859531675675
1064,11.867723469234157
1065,11.848280024304172
1066,12.389675108209747
1067,12.047055357903838
1068,11.983461609334743
1069,12.124426331828019
1070,11.802390392568574
1071,11.754191399483075
1072,11.969766986542073
1073,11.742245967224932
1074,11.883288813385901
1075,12.146682316106897
1076,12.039172707607843
1077,11.940022711901424
1078,11.798146071679694
1079,11.90573715195207
1080,11.771945548457992
1081,12.08559459638333
1082,11.756523291848652
1083,12.17941808200566
1084,11.937735974769787
1085,11.987106419793774
1086,11.946789788234433
1087,11.567222080810634
1088,12.377448393483572
1089,12.086750837612174
1090,12.208967442394961
1091,11.496564689125337
1092,12.032879495422232
1093,11.99601215044148
1094,11.944372858846037
1095,11.766334045223083
1096,12.062151572136507
1097,11.778415184720552
1098,12.115885079313713
1099,11.613095243567535
1100,12.149786305841275
1101,11.240310018419567
1102,11.707869434507696
1103,11.774209139246949
1104,11.848074259804815
1105,11.760627517309842
1106,12.635940940350533
1107,12.130097612650214
1108,12.242326081937644
1109,12.051129080963861
1110,12.539557581881024
1111,12.05682146494414
1112,12.190491699376077
1113,11.728336509503144
1114,11.819264397704824
1115,11.723361143739677
1116,12.52148329744317
1117,12.13964494057173
1118,11.82392572364297
1119,11.783867607035901
1120,11.71829779598199
1121,11.726884078562758
1122,12.253122402451183
1123,11.539697048211298
1124,11.667048686645906
1125,12.013121702516141
1126,11.663381401897132
1127,12.227317510589673
1128,12.264839337433582
1129,12.200361292696291
1130,11.790920701981051
1131,11.88057690123868
1132,11.694299838191217
1133,11.910566577821193
1134,12.315096010100657
1135,12.044947678007745
1136,11.710758511625144
1137,11.813640787995858
1138,11.604954710730887
1139,12.12474548799948
1140,11.713153679405256
1141,11.811879781871065
1142,12.098897403082866
1143,12.654755125750386
1144,11.600377414679059
1145,11.535299201132176
1146,11.78191590352207
1147,12.063228416071212
1148,11.957805660756328
1149,11.798744043401188
1150,12.003106967278374
1151,11.77988026233494
1152,11.855534229892001
1153,12.118545322860603
1154,11.737912637690808
1155,12.119059444650256
1156,12.113194486984298
1157,11.985945211609367
1158,12.239965111811633
1159,12.352483321005451
1160,12.115878890179362
1161,11.92812723458799
1162,12.13856119099956
1163,11.703408282010344
1164,11.788686981772953
1165,12.063083710995919
1166,12.262080262258285
1167,12.39038330885276
1168,12.107010247533001
1169,12.111853122630727
1170,13.213168192705474
1171,11.892168603115588
1172,11.958724287771922
1173,12.033221572998139
1174,12.240101828395758
1175,12.186293742729365
1176,12.669680302195228
1177,11.739514177224995
1178,11.792743131746473
1179,11.752309266262193
1180,11.540055035905306
1181,12.359108077482405
1182,12.37370076434468
1183,13.475695882303825
1184,11.82660553810495
1185,12.102057326271687
1186,11.760055070172772
1187,11.712147586373536
1188,12.472025036755841
1189,12.137080717915428
1190,12.179475822743294
1191,11.92784300837333
1192,12.135915021557107
1193,11.80246228789748
1194,11.984306159973436
1195,11.845397976753913
1196,11.995728291861074
1197,12.23000760959373
1198,11.94292176319415
1199,12.089329599606717
1200,11.747612168574703
1201,11.598488690396627
1202,12.170781895140784
1203,11.808804436114514
1204,12.237369687419427
1205,11.897876754834734
1206,12.492990177602415
1207,11.686798040167504
1208,12.20805230511038
1209,11.873355462582577
1210,12.380029395567632
1211,12.113170455158507
1212,12.21429219949938
1213,11.555773931330622
1214,11.693343601653186
1215,11.748565872562232
1216,11.669440138445907
1217,11.882638341649221
1218,12.24942005467974
1219,11.42178141505883
1220,11.699411798984588
1221,11.679564035831604
1222,11.739193937782058
1223,11.991925859961787
1224,12.045654653904508
1225,12.140216444655922
1226,11.834805487033329
1227,12.187200189278727
1228,11.859181676974496
1229,12.579783204813888
1230,11.84752113873853
1231,12.150974121001703
1232,11.86212709086433
1233,11.628421320701847
1234,11.840244948800287
1235,11.829758105799396
1236,11.803977316497996
1237,12.16006251077272
1238,12.210002055935174
1239,11.953027158063739
1240,12.312262938601846
1241,12.207410530654514
1242,12.348532291587341
1243,12.103097555547969
1244,12.864151534834551
1245,12.094373790222761
1246,12.147328845943239
1247,12.12263744212964
1248,11.933381638581098
1249,11.922983511676295
1250,11.716745777857412
1251,12.425774821552451
1252,12.197800614256952
1253,11.735280530472526
1254,12.385560082268757
1255,12.092602814898806
1256,11.807502696450996
1257,12.573229063842872
1258,11.620634978990894
1259,12.052631599312024
1260,11.9857093422358
1261,12.057124364478982
1262,11.739944217810182
1263,11.871158404217539
1264,11.909970544613003
1265,12.067495910207066
1266,12.108140705252488
1267,11.960857321899418
1268,12.631739547118325
1269,12.685793142247368
1270,11.802916488982847
1271,12.235029676255813
1272,12.12688627578974
1273,11.751736556148494
1274,11.977734623200703
1275,11.808591589007216
1276,11.916033284726517
1277,11.97207239527473
1278,12.162760054406915
1279,12.38233813405179
1280,11.584241211024844
1281,12.24957812324898
1282,12.171185820060606
1283,11.909635886685544
1284,11.964053714882308
1285,12.113815967924033
1286,11.792405506200316
1287,12.028675123939701
1288,12.067647437001503
1289,12.409101531962246
1290,12.453025765597495
1291,11.890297206945867
1292,11.760850088975879
1293,11.872708672859428
1294,12.111006737548621
1295,11.771232588523866
1296,11.791225385376197
1297,11.879665650206508
1298,11.858357718299045
1300,11.907230761606396
1301,12.214261365347985
1302,11.907776674009703
1303,12.597881028115793
1304,12.281465566676406
1305,12.09013226696467
1306,12.552042939096353
1307,12.212327463919436
1308,11.841847685397903
1309,11.852628765265337
1310,12.053868675885568
1311,12.436590354706066
1312,12.156769140419694
1313,12.628160909865674
1314,12.7008299204482
1315,11.658494051352895
1316,12.094065072389292
1317,12.435326537347196
1318,12.146864531763455
1319,12.402564927677524
1320,11.58979541324111
1321,11.971937397393024
1322,11.374976089051245
1323,12.296065185271715
1324,11.44558020913096
1325,12.454512210113585
1326,11.441022132101608
1327,11.45974595445371
1328,11.815727441434877
1329,12.236101344435298
1330,12.116616557755176
1331,12.368924294151046
1332,11.782547320557965
1333,11.619132822679365
1334,11.768779907810078
1335,11.7556274703118
1336,12.0479794718918
1337,12.037122133032447
1338,11.405449319082736
1339,12.235948121131297
1340,11.753949598876403
1341,11.720364111121306
1342,11.983803909829609
1343,12.411446313476947
1344,11.998720542995613
1345,12.095712911806825
1346,11.526966027163994
1347,12.36870958498574
1348,12.489865644973325
1349,12.218887976786995
1350,12.000790603028133
1351,12.264857954485276
1352,11.968135385289003
1353,11.863826791077656
1354,12.875684540290226
1355,12.28926403928806
1356,12.185719370163179
1357,11.67919901161265
1358,11.88364792948894
1359,12.002607881266055
1360,12.711102065580095
1361,12.05015137034302
1362,12.293270842026025
1363,11.698474053658451
1364,11.984067613333885
1365,12.003176848186818
1366,12.188501882638555
1367,12.201765536700066
1368,11.782586136662683
1369,11.885132657860249
1370,12.361775830744403
1371,11.649840797685407
1372,11.987726580754563
1373,12.32659583304862
1374,13.067632747722238
1375,12.284727541181471
1376,12.376390882781461
1377,11.678810728522608
1378,11.858952185216767
1379,11.673728943126513
1380,11.906939206010051
1381,11.43664472572866
1382,12.169682397076729
1383,12.063193045700558
1384,11.86097088757267
1385,11.729495528286115
1386,11.699709656229587
1387,12.507805408309833
1388,12.063398971875415
1389,12.548038716202162
1390,11.814177179706707
1391,12.232496109161659
1392,12.002523519202946
1393,11.718034682272501
1394,11.943936396710928
1395,12.255184167767556
1396,12.504583623541045
1397,11.946718770205742
1398,11.804783041228555
1399,11.912229770065226
1400,11.953674465018082
1401,11.785710432823482
1402,12.067514906771983
1403,12.12979616739216
1404,12.35129324354984
1405,11.57749290343753
1406,12.36509309577972
1407,11.794349038553367
1408,11.670191577344923
1409,11.653408799854809
1410,12.233616119606644
1411,12.241953044347866
1412,11.983562644007964
1413,11.576919140618795
1414,12.444729467469896
1415,11.987293631387361
1416,12.247318314098012
1417,11.83646205769849
1418,12.628297759675508
1419,11.81025877051469
1420,12.237238234360904
1421,11.996289837431526
1422,11.877033321974075
1423,11.873374955613759
1424,12.088247025753446
1425,11.819926660405802
1426,11.944564207941317
1427,12.406031340521736
1428,11.861533495825707
1429,11.732193811138938
1430,12.131233969269061
1431,11.986566765224149
1432,11.85620367415205
1433,11.630420084507017
1434,12.122085009328554
1435,11.892279253485917
1436,12.136973083856205
1437,11.67627808313192
1438,12.58529928040881
1439,11.944072946710314
1440,12.111037801979254
1441,12.084159755264322
1442,11.881867885040377
1443,12.620300870668983
1444,11.701362957587595
1445,12.169326808463694
1446,11.762258036209268
1447,11.827599866120597
1448,12.399718853474623
1449,11.649773198969408
1450,11.618551832524723
1451,11.881744883242623
1452,12.38096144706947
1453,11.746908958877746
1454,11.793044793213882
1455,12.13500028900852
1456,12.056162355674699
1457,12.250524965177348
1458,12.30210774751264
1459,11.816753319831516
1460,11.848606941892072
